SITE_NAME,DATE_MIDPOINT,NUM_DAYS,MEAN_RESPIRATION_30MIN,MEAN_RESPIRATION_DAILY_SUM,SUM_RESPIRATION,CUM_RESPIRATION,CRTFCN_CODE,REVISION_DATE
'NSA-OBS-FLXTR',30-Oct-94,4,0.053,2.5442,10.1768,10.1768,'CPI',25-Oct-99
'NSA-OBS-FLXTR',3-Nov-94,4,0.053,2.5442,10.1768,20.3536,'CPI',25-Oct-99
'NSA-OBS-FLXTR',7-Nov-94,4,0.053,2.5442,10.1768,30.5304,'CPI',25-Oct-99
'NSA-OBS-FLXTR',11-Nov-94,4,0.053,2.5442,10.1768,40.7072,'CPI',25-Oct-99
'NSA-OBS-FLXTR',15-Nov-94,4,0.053,2.5442,10.1768,50.884,'CPI',25-Oct-99
'NSA-OBS-FLXTR',19-Nov-94,4,0.053,2.5442,10.1768,61.0608,'CPI',25-Oct-99
'NSA-OBS-FLXTR',23-Nov-94,4,0.053,2.5442,10.1768,71.2376,'CPI',25-Oct-99
'NSA-OBS-FLXTR',27-Nov-94,4,0.053,2.5442,10.1768,81.4144,'CPI',25-Oct-99
'NSA-OBS-FLXTR',1-Dec-94,4,0.0575,2.7621,11.0484,92.4628,'CPI',25-Oct-99
'NSA-OBS-FLXTR',5-Dec-94,4,0.0882,4.2354,16.9416,109.4044,'CPI',25-Oct-99
'NSA-OBS-FLXTR',9-Dec-94,4,0.0787,3.7767,15.1068,124.5112,'CPI',25-Oct-99
'NSA-OBS-FLXTR',13-Dec-94,4,0.0639,3.0681,12.2724,136.7836,'CPI',25-Oct-99
'NSA-OBS-FLXTR',17-Dec-94,4,0.0639,3.0681,12.2724,149.056,'CPI',25-Oct-99
'NSA-OBS-FLXTR',21-Dec-94,4,0.0639,3.0681,12.2724,161.3284,'CPI',25-Oct-99
'NSA-OBS-FLXTR',25-Dec-94,4,0.0639,3.0681,12.2724,173.6008,'CPI',25-Oct-99
'NSA-OBS-FLXTR',29-Dec-94,4,0.0639,3.0681,12.2724,185.8732,'CPI',25-Oct-99
'NSA-OBS-FLXTR',2-Jan-95,4,0.0639,3.0681,12.2724,198.1456,'CPI',25-Oct-99
'NSA-OBS-FLXTR',6-Jan-95,4,0.0426,2.0466,8.1864,206.332,'CPI',25-Oct-99
'NSA-OBS-FLXTR',10-Jan-95,4,0.0382,1.8327,7.3308,213.6628,'CPI',25-Oct-99
'NSA-OBS-FLXTR',14-Jan-95,4,0.0527,2.528,10.112,223.7748,'CPI',25-Oct-99
'NSA-OBS-FLXTR',18-Jan-95,4,0.0568,2.7273,10.9092,234.684,'CPI',25-Oct-99
'NSA-OBS-FLXTR',22-Jan-95,4,0.0532,2.5517,10.2068,244.8908,'CPI',25-Oct-99
'NSA-OBS-FLXTR',26-Jan-95,4,0.0532,2.5517,10.2068,255.0976,'CPI',25-Oct-99
'NSA-OBS-FLXTR',30-Jan-95,4,0.0532,2.5513,10.2052,265.3028,'CPI',25-Oct-99
'NSA-OBS-FLXTR',3-Feb-95,4,0.0463,2.2217,8.8868,274.1896,'CPI',25-Oct-99
'NSA-OBS-FLXTR',7-Feb-95,4,0.0714,3.4291,13.7164,287.906,'CPI',25-Oct-99
'NSA-OBS-FLXTR',11-Feb-95,4,0.0036,0.1729,0.6916,288.5976,'CPI',25-Oct-99
'NSA-OBS-FLXTR',15-Feb-95,4,0.0425,2.0376,8.1504,296.748,'CPI',25-Oct-99
'NSA-OBS-FLXTR',19-Feb-95,4,0.0526,2.523,10.092,306.84,'CPI',25-Oct-99
'NSA-OBS-FLXTR',23-Feb-95,4,0.045,2.1579,8.6316,315.4716,'CPI',25-Oct-99
'NSA-OBS-FLXTR',27-Feb-95,4,0.0447,2.144,8.576,324.0476,'CPI',25-Oct-99
'NSA-OBS-FLXTR',3-Mar-95,4,0.0194,0.9297,3.7188,327.7664,'CPI',25-Oct-99
'NSA-OBS-FLXTR',7-Mar-95,4,0.0715,3.4343,13.7372,341.5036,'CPI',25-Oct-99
'NSA-OBS-FLXTR',11-Mar-95,4,0.0873,4.1914,16.7656,358.2692,'CPI',25-Oct-99
'NSA-OBS-FLXTR',15-Mar-95,4,0.0785,3.7664,15.0656,373.3348,'CPI',25-Oct-99
'NSA-OBS-FLXTR',19-Mar-95,4,0.0723,3.4694,13.8776,387.2124,'CPI',25-Oct-99
'NSA-OBS-FLXTR',23-Mar-95,4,0.0723,3.4694,13.8776,401.09,'CPI',25-Oct-99
'NSA-OBS-FLXTR',27-Mar-95,4,0.0723,3.4694,13.8776,414.9676,'CPI',25-Oct-99
'NSA-OBS-FLXTR',31-Mar-95,4,0.0723,3.4694,13.8776,428.8452,'CPI',25-Oct-99
'NSA-OBS-FLXTR',4-Apr-95,4,0.0436,2.0916,8.3664,437.2116,'CPI',25-Oct-99
'NSA-OBS-FLXTR',8-Apr-95,4,0.1023,4.9108,19.6432,456.8548,'CPI',25-Oct-99
'NSA-OBS-FLXTR',17-Apr-95,11,0.1675,8.0385,88.4235,545.2783,'CPI',25-Oct-99
'NSA-OBS-FLXTR',23-Apr-95,4,0.1799,8.6366,34.5464,579.8247,'CPI',25-Oct-99
'NSA-OBS-FLXTR',27-Apr-95,4,0.18,8.64,34.56,614.3847,'CPI',25-Oct-99
'NSA-OBS-FLXTR',1-May-95,4,0.2878,13.815,55.26,669.6447,'CPI',25-Oct-99
'NSA-OBS-FLXTR',5-May-95,4,0.295,14.1612,56.6448,726.2895,'CPI',25-Oct-99
'NSA-OBS-FLXTR',10-May-95,5,0.3191,15.319,76.595,802.8845,'CPI',25-Oct-99
'NSA-OBS-FLXTR',14-May-95,4,0.2363,11.3414,45.3656,848.2501,'CPI',25-Oct-99
'NSA-OBS-FLXTR',18-May-95,5,0.2958,14.1963,70.9815,919.2316,'CPI',25-Oct-99
'NSA-OBS-FLXTR',23-May-95,4,0.2942,14.1238,56.4952,975.7268,'CPI',25-Oct-99
'NSA-OBS-FLXTR',27-May-95,4,0.5194,24.9293,99.7172,1075.444,'CPI',25-Oct-99
'NSA-OBS-FLXTR',31-May-95,4,1.0742,51.5627,206.2508,1281.6948,'CPI',25-Oct-99
'NSA-OBS-FLXTR',9-Jun-95,9,0.9686,46.4917,418.4253,1700.1201,'CPI',25-Oct-99
'NSA-OBS-FLXTR',13-Jun-95,4,1.8459,88.6009,354.4036,2054.5237,'CPI',25-Oct-99
'NSA-OBS-FLXTR',17-Jun-95,4,2.3836,114.4147,457.6588,2512.1825,'CPI',25-Oct-99
'NSA-OBS-FLXTR',27-Jun-95,13,1.3557,65.0741,845.9633,3358.1458,'CPI',25-Oct-99
'NSA-OBS-FLXTR',6-Jul-95,8,1.2226,58.6845,469.476,3827.6218,'CPI',25-Oct-99
'NSA-OBS-FLXTR',15-Jul-95,9,1.251,60.0472,540.4248,4368.0466,'CPI',25-Oct-99
'NSA-OBS-FLXTR',23-Jul-95,7,1.0311,49.4917,346.4419,4714.4885,'CPI',25-Oct-99
'NSA-OBS-FLXTR',28-Jul-95,4,1.1203,53.7744,215.0976,4929.5861,'CPI',25-Oct-99
'NSA-OBS-FLXTR',1-Aug-95,4,0.9819,47.1304,188.5216,5118.1077,'CPI',25-Oct-99
'NSA-OBS-FLXTR',8-Aug-95,7,2.0076,96.3631,674.5417,5792.6494,'CPI',25-Oct-99
'NSA-OBS-FLXTR',12-Aug-95,4,1.1418,54.8058,219.2232,6011.8726,'CPI',25-Oct-99
'NSA-OBS-FLXTR',16-Aug-95,7,1.194,57.3142,401.1994,6413.072,'CPI',25-Oct-99
'NSA-OBS-FLXTR',23-Aug-95,4,1.1762,56.456,225.824,6638.896,'CPI',25-Oct-99
'NSA-OBS-FLXTR',27-Aug-95,4,1.2821,61.5415,246.166,6885.062,'CPI',25-Oct-99
'NSA-OBS-FLXTR',31-Aug-95,4,1.3573,65.1519,260.6076,7145.6696,'CPI',25-Oct-99
'NSA-OBS-FLXTR',4-Sep-95,4,1.3375,64.1996,256.7984,7402.468,'CPI',25-Oct-99
'NSA-OBS-FLXTR',8-Sep-95,4,0.6614,31.7471,126.9884,7529.4564,'CPI',25-Oct-99
'NSA-OBS-FLXTR',12-Sep-95,4,0.926,44.4473,177.7892,7707.2456,'CPI',25-Oct-99
'NSA-OBS-FLXTR',18-Sep-95,6,0.4981,23.9075,143.445,7850.6906,'CPI',25-Oct-99
'NSA-OBS-FLXTR',22-Sep-95,4,0.5051,24.2466,96.9864,7947.677,'CPI',25-Oct-99
'NSA-OBS-FLXTR',26-Sep-95,4,0.8273,39.7081,158.8324,8106.5094,'CPI',25-Oct-99
'NSA-OBS-FLXTR',30-Sep-95,4,0.7083,34.0004,136.0016,8242.511,'CPI',25-Oct-99
'NSA-OBS-FLXTR',4-Oct-95,4,0.5051,24.2452,96.9808,8339.4918,'CPI',25-Oct-99
'NSA-OBS-FLXTR',10-Oct-95,9,0.3011,14.4529,130.0761,8469.5679,'CPI',25-Oct-99
'NSA-OBS-FLXTR',17-Oct-95,4,0.2792,13.4004,53.6016,8523.1695,'CPI',25-Oct-99
'NSA-OBS-FLXTR',21-Oct-95,4,0.2566,12.3145,49.258,8572.4275,'CPI',25-Oct-99
'NSA-OBS-FLXTR',25-Oct-95,4,0.1852,8.8887,35.5548,8607.9823,'CPI',25-Oct-99
'NSA-OBS-FLXTR',29-Oct-95,4,0.1372,6.5862,26.3448,8634.3271,'CPI',25-Oct-99
'NSA-OBS-FLXTR',2-Nov-95,4,0.0963,4.6217,18.4868,8652.8139,'CPI',25-Oct-99
'NSA-OBS-FLXTR',6-Nov-95,4,0.0968,4.6458,18.5832,8671.3971,'CPI',25-Oct-99
'NSA-OBS-FLXTR',10-Nov-95,4,0.0901,4.3227,17.2908,8688.6879,'CPI',25-Oct-99
'NSA-OBS-FLXTR',14-Nov-95,4,0.0921,4.4213,17.6852,8706.3731,'CPI',25-Oct-99
'NSA-OBS-FLXTR',18-Nov-95,4,0.0921,4.4213,17.6852,8724.0583,'CPI',25-Oct-99
'NSA-OBS-FLXTR',22-Nov-95,4,0.0921,4.4213,17.6852,8741.7435,'CPI',25-Oct-99
'NSA-OBS-FLXTR',26-Nov-95,4,0.0886,4.2545,17.018,8758.7615,'CPI',25-Oct-99
'NSA-OBS-FLXTR',30-Nov-95,4,0.0619,2.9696,11.8784,8770.6399,'CPI',25-Oct-99
'NSA-OBS-FLXTR',4-Dec-95,4,0.0637,3.0564,12.2256,8782.8655,'CPI',25-Oct-99
'NSA-OBS-FLXTR',8-Dec-95,4,0.0818,3.9271,15.7084,8798.5739,'CPI',25-Oct-99
'NSA-OBS-FLXTR',12-Dec-95,4,0.0849,4.0758,16.3032,8814.8771,'CPI',25-Oct-99
'NSA-OBS-FLXTR',16-Dec-95,4,0.0849,4.0758,16.3032,8831.1803,'CPI',25-Oct-99
'NSA-OBS-FLXTR',20-Dec-95,4,0.0688,3.3041,13.2164,8844.3967,'CPI',25-Oct-99
'NSA-OBS-FLXTR',24-Dec-95,4,0.0545,2.6153,10.4612,8854.8579,'CPI',25-Oct-99
'NSA-OBS-FLXTR',28-Dec-95,4,0.0499,2.3943,9.5772,8864.4351,'CPI',25-Oct-99
'NSA-OBS-FLXTR',1-Jan-96,4,0.0413,1.983,7.932,8872.3671,'CPI',25-Oct-99
'NSA-OBS-FLXTR',5-Jan-96,4,0.044,2.1122,8.4488,8880.8159,'CPI',25-Oct-99
'NSA-OBS-FLXTR',9-Jan-96,4,0.0495,2.3779,9.5116,8890.3275,'CPI',25-Oct-99
'NSA-OBS-FLXTR',13-Jan-96,4,0.0465,2.2299,8.9196,8899.2471,'CPI',25-Oct-99
'NSA-OBS-FLXTR',17-Jan-96,4,0.0389,1.8691,7.4764,8906.7235,'CPI',25-Oct-99
'NSA-OBS-FLXTR',21-Jan-96,4,0.0511,2.4516,9.8064,8916.5299,'CPI',25-Oct-99
'NSA-OBS-FLXTR',25-Jan-96,4,0.0316,1.5183,6.0732,8922.6031,'CPI',25-Oct-99
'NSA-OBS-FLXTR',29-Jan-96,4,0.0307,1.4746,5.8984,8928.5015,'CPI',25-Oct-99
'NSA-OBS-FLXTR',2-Feb-96,4,0.0319,1.5331,6.1324,8934.6339,'CPI',25-Oct-99
'NSA-OBS-FLXTR',6-Feb-96,4,0.0214,1.0258,4.1032,8938.7371,'CPI',25-Oct-99
'NSA-OBS-FLXTR',10-Feb-96,4,0.0311,1.4923,5.9692,8944.7063,'CPI',25-Oct-99
'NSA-OBS-FLXTR',14-Feb-96,4,0.0356,1.7065,6.826,8951.5323,'CPI',25-Oct-99
'NSA-OBS-FLXTR',18-Feb-96,4,0.0406,1.9479,7.7916,8959.3239,'CPI',25-Oct-99
'NSA-OBS-FLXTR',22-Feb-96,4,0.0404,1.9395,7.758,8967.0819,'CPI',25-Oct-99
'NSA-OBS-FLXTR',26-Feb-96,4,0.0404,1.9395,7.758,8974.8399,'CPI',25-Oct-99
'NSA-OBS-FLXTR',1-Mar-96,4,0.0404,1.9395,7.758,8982.5979,'CPI',25-Oct-99
'NSA-OBS-FLXTR',5-Mar-96,4,0.0404,1.9395,7.758,8990.3559,'CPI',25-Oct-99
'NSA-OBS-FLXTR',9-Mar-96,4,0.0404,1.9395,7.758,8998.1139,'CPI',25-Oct-99
'NSA-OBS-FLXTR',13-Mar-96,4,0.0479,2.2973,9.1892,9007.3031,'CPI',25-Oct-99
'NSA-OBS-FLXTR',17-Mar-96,4,0.0699,3.3551,13.4204,9020.7235,'CPI',25-Oct-99
'NSA-OBS-FLXTR',21-Mar-96,4,0.0738,3.5443,14.1772,9034.9007,'CPI',25-Oct-99
'NSA-OBS-FLXTR',25-Mar-96,4,0.0367,1.7601,7.0404,9041.9411,'CPI',25-Oct-99
'NSA-OBS-FLXTR',29-Mar-96,4,0.036,1.7298,6.9192,9048.8603,'CPI',25-Oct-99
'NSA-OBS-FLXTR',2-Apr-96,4,0.0416,1.9954,7.9816,9056.8419,'CPI',25-Oct-99
'NSA-OBS-FLXTR',6-Apr-96,4,0.0537,2.5771,10.3084,9067.1503,'CPI',25-Oct-99
'NSA-OBS-FLXTR',10-Apr-96,4,0.141,6.7701,27.0804,9094.2307,'CPI',25-Oct-99
'NSA-OBS-FLXTR',14-Apr-96,4,0.1272,6.1053,24.4212,9118.6519,'CPI',25-Oct-99
'NSA-OBS-FLXTR',18-Apr-96,4,0.1007,4.8336,19.3344,9137.9863,'CPI',25-Oct-99
'NSA-OBS-FLXTR',22-Apr-96,4,0.1232,5.9133,23.6532,9161.6395,'CPI',25-Oct-99
'NSA-OBS-FLXTR',26-Apr-96,4,0.1746,8.3819,33.5276,9195.1671,'CPI',25-Oct-99
'NSA-OBS-FLXTR',30-Apr-96,4,0.2417,11.6004,46.4016,9241.5687,'CPI',25-Oct-99
'NSA-OBS-FLXTR',4-May-96,6,0.1835,8.8104,52.8624,9294.4311,'CPI',25-Oct-99
'NSA-OBS-FLXTR',10-May-96,4,0.1781,8.5506,34.2024,9328.6335,'CPI',25-Oct-99
'NSA-OBS-FLXTR',14-May-96,4,0.2108,10.1204,40.4816,9369.1151,'CPI',25-Oct-99
'NSA-OBS-FLXTR',18-May-96,4,0.2326,11.1669,44.6676,9413.7827,'CPI',25-Oct-99
'NSA-OBS-FLXTR',22-May-96,4,0.2179,10.4583,41.8332,9455.6159,'CPI',25-Oct-99
'NSA-OBS-FLXTR',26-May-96,4,0.4459,21.4021,85.6084,9541.2243,'CPI',25-Oct-99
'NSA-OBS-FLXTR',30-May-96,4,0.9178,44.056,176.224,9717.4483,'CPI',25-Oct-99
'NSA-OBS-FLXTR',3-Jun-96,4,0.7394,35.4916,141.9664,9859.4147,'CPI',25-Oct-99
'NSA-OBS-FLXTR',7-Jun-96,4,1.2597,60.4678,241.8712,10101.2859,'CPI',25-Oct-99
'NSA-OBS-FLXTR',11-Jun-96,4,1.3839,66.4256,265.7024,10366.9883,'CPI',25-Oct-99
'NSA-OBS-FLXTR',15-Jun-96,6,1.0731,51.5095,309.057,10676.0453,'CPI',25-Oct-99
'NSA-OBS-FLXTR',21-Jun-96,4,0.7922,38.024,152.096,10828.1413,'CPI',25-Oct-99
'NSA-OBS-FLXTR',25-Jun-96,4,0.8216,39.439,157.756,10985.8973,'CPI',25-Oct-99
'NSA-OBS-FLXTR',29-Jun-96,4,1.3181,63.2699,253.0796,11238.9769,'CPI',25-Oct-99
'NSA-OBS-FLXTR',3-Jul-96,4,1.4313,68.702,274.808,11513.7849,'CPI',25-Oct-99
'NSA-OBS-FLXTR',7-Jul-96,4,0.9606,46.1108,184.4432,11698.2281,'CPI',25-Oct-99
'NSA-OBS-FLXTR',11-Jul-96,4,1.6577,79.5703,318.2812,12016.5093,'CPI',25-Oct-99
'NSA-OBS-FLXTR',15-Jul-96,4,1.5547,74.6248,298.4992,12315.0085,'CPI',25-Oct-99
'NSA-OBS-FLXTR',19-Jul-96,4,1.0853,52.0966,208.3864,12523.3949,'CPI',25-Oct-99
'NSA-OBS-FLXTR',23-Jul-96,4,1.1665,55.9916,223.9664,12747.3613,'CPI',25-Oct-99
'NSA-OBS-FLXTR',27-Jul-96,4,1.2805,61.4631,245.8524,12993.2137,'CPI',25-Oct-99
'NSA-OBS-FLXTR',31-Jul-96,4,1.7463,83.8246,335.2984,13328.5121,'CPI',25-Oct-99
'NSA-OBS-FLXTR',4-Aug-96,4,1.799,86.3506,345.4024,13673.9145,'CPI',25-Oct-99
'NSA-OBS-FLXTR',8-Aug-96,4,0.9157,43.9558,175.8232,13849.7377,'CPI',25-Oct-99
'NSA-OBS-FLXTR',12-Aug-96,4,1.1793,56.6044,226.4176,14076.1553,'CPI',25-Oct-99
'NSA-OBS-FLXTR',16-Aug-96,4,1.1192,53.7239,214.8956,14291.0509,'CPI',25-Oct-99
'NSA-OBS-FLXTR',20-Aug-96,4,1.1948,57.3528,229.4112,14520.4621,'CPI',25-Oct-99
'NSA-OBS-FLXTR',26-Aug-96,7,1.1452,54.9694,384.7858,14905.2479,'CPI',25-Oct-99
'NSA-OBS-FLXTR',31-Aug-96,4,1.5987,76.7365,306.946,15212.1939,'CPI',25-Oct-99
'NSA-OBS-FLXTR',4-Sep-96,4,0.8627,41.4086,165.6344,15377.8283,'CPI',25-Oct-99
'NSA-OBS-FLXTR',8-Sep-96,4,0.6615,31.7542,127.0168,15504.8451,'CPI',25-Oct-99
'NSA-OBS-FLXTR',12-Sep-96,4,0.6679,32.0592,128.2368,15633.0819,'CPI',25-Oct-99
'NSA-OBS-FLXTR',16-Sep-96,4,0.9088,43.6208,174.4832,15807.5651,'CPI',25-Oct-99
'NSA-OBS-FLXTR',20-Sep-96,4,1.0476,50.2849,201.1396,16008.7047,'CPI',25-Oct-99
'NSA-OBS-FLXTR',24-Sep-96,4,0.7245,34.7775,139.11,16147.8147,'CPI',25-Oct-99
'NSA-OBS-FLXTR',28-Sep-96,4,0.46,22.0796,88.3184,16236.1331,'CPI',25-Oct-99
'NSA-OBS-FLXTR',2-Oct-96,4,0.3095,14.8567,59.4268,16295.5599,'CPI',25-Oct-99
'NSA-OBS-FLXTR',6-Oct-96,4,0.3601,17.2858,69.1432,16364.7031,'CPI',25-Oct-99
'NSA-OBS-FLXTR',10-Oct-96,4,0.3018,14.4879,57.9516,16422.6547,'CPI',25-Oct-99
'NSA-OBS-FLXTR',14-Oct-96,4,0.2672,12.8249,51.2996,16473.9543,'CPI',25-Oct-99
'NSA-OBS-FLXTR',18-Oct-96,4,0.2672,12.8233,51.2932,16525.2475,'CPI',25-Oct-99
'NSA-OBS-FLXTR',23-Oct-96,5,0.2445,11.7365,58.6825,16583.93,'CPI',25-Oct-99
'NSA-OBS-FLXTR',27-Oct-96,4,0.2619,12.5727,50.2908,16634.2208,'CPI',25-Oct-99
'NSA-OBS-FLXTR',31-Oct-96,4,0.1247,5.9841,23.9364,16658.1572,'CPI',25-Oct-99
'NSA-OBS-FLXTR',4-Nov-96,5,0.1075,5.1589,25.7945,16683.9517,'CPI',25-Oct-99
'NSA-OBS-FLXTR',10-Nov-96,5,0.0834,4.0022,20.011,16703.9627,'CPI',25-Oct-99
'NSA-OBS-FLXTR',14-Nov-96,4,0.0572,2.7461,10.9844,16714.9471,'CPI',25-Oct-99
'NSA-OBS-FLXTR',18-Nov-96,4,0.0572,2.7461,10.9844,16725.9315,'CPI',25-Oct-99
'NSA-OBS-FLXTR',22-Nov-96,4,0.0572,2.7461,10.9844,16736.9159,'CPI',25-Oct-99
'NSA-OBS-FLXTR',26-Nov-96,4,0.0648,3.1081,12.4324,16749.3483,'CPI',25-Oct-99
'NSA-OBS-FLXTR',30-Nov-96,4,0.084,4.0333,16.1332,16765.4815,'CPI',25-Oct-99
'NSA-OBS-FLXTR',4-Dec-96,4,0.0787,3.7754,15.1016,16780.5831,'CPI',25-Oct-99
'NSA-OBS-FLXTR',8-Dec-96,4,0.0611,2.9329,11.7316,16792.3147,'CPI',25-Oct-99
'NSA-OBS-FLXTR',12-Dec-96,4,0.0589,2.828,11.312,16803.6267,'CPI',25-Oct-99
'NSA-OBS-FLXTR',16-Dec-96,4,0.0492,2.3631,9.4524,16813.0791,'CPI',25-Oct-99
'NSA-OBS-FLXTR',20-Dec-96,4,0.0551,2.6444,10.5776,16823.6567,'CPI',25-Oct-99
'NSA-OBS-FLXTR',24-Dec-96,4,0.0694,3.3299,13.3196,16836.9763,'CPI',25-Oct-99
'NSA-OBS-FLXTR',28-Dec-96,4,0.0694,3.3299,13.3196,16850.2959,'CPI',25-Oct-99
'NSA-OBS-FLXTR',1-Jan-97,4,0.0694,3.3299,13.3196,16863.6155,'CPI',25-Oct-99
'NSA-OBS-FLXTR',5-Jan-97,4,0.0322,1.547,6.188,16869.8035,'CPI',25-Oct-99
'NSA-OBS-FLXTR',9-Jan-97,4,0.0297,1.4265,5.706,16875.5095,'CPI',25-Oct-99
'NSA-OBS-FLXTR',13-Jan-97,4,0.0376,1.8047,7.2188,16882.7283,'CPI',25-Oct-99
'NSA-OBS-FLXTR',17-Jan-97,4,0.0376,1.8047,7.2188,16889.9471,'CPI',25-Oct-99
'NSA-OBS-FLXTR',21-Jan-97,4,0.0376,1.8047,7.2188,16897.1659,'CPI',25-Oct-99
'NSA-OBS-FLXTR',25-Jan-97,4,0.0376,1.8047,7.2188,16904.3847,'CPI',25-Oct-99
'NSA-OBS-FLXTR',29-Jan-97,4,0.0376,1.8047,7.2188,16911.6035,'CPI',25-Oct-99
'NSA-OBS-FLXTR',2-Feb-97,4,0.0376,1.8047,7.2188,16918.8223,'CPI',25-Oct-99
'NSA-OBS-FLXTR',6-Feb-97,4,0.0376,1.8047,7.2188,16926.0411,'CPI',25-Oct-99
'NSA-OBS-FLXTR',10-Feb-97,4,0.0376,1.8047,7.2188,16933.2599,'CPI',25-Oct-99
'NSA-OBS-FLXTR',14-Feb-97,4,0.0309,1.4837,5.9348,16939.1947,'CPI',25-Oct-99
'NSA-OBS-FLXTR',18-Feb-97,4,0.0225,1.0791,4.3164,16943.5111,'CPI',25-Oct-99
'NSA-OBS-FLXTR',22-Feb-97,4,0.0221,1.0626,4.2504,16947.7615,'CPI',25-Oct-99
'NSA-OBS-FLXTR',26-Feb-97,4,0.0314,1.5082,6.0328,16953.7943,'CPI',25-Oct-99
'NSA-OBS-FLXTR',2-Mar-97,4,0.0384,1.8425,7.37,16961.1643,'CPI',25-Oct-99
'NSA-OBS-FLXTR',6-Mar-97,4,0.0135,0.6478,2.5912,16963.7555,'CPI',25-Oct-99
'NSA-OBS-FLXTR',10-Mar-97,4,-0.0058,-0.2788,-1.1152,16962.6403,'CPI',25-Oct-99
'NSA-OBS-FLXTR',14-Mar-97,4,0.0349,1.6749,6.6996,16969.3399,'CPI',25-Oct-99
'NSA-OBS-FLXTR',18-Mar-97,4,0.0396,1.8991,7.5964,16976.9363,'CPI',25-Oct-99
'NSA-OBS-FLXTR',22-Mar-97,4,0.0396,1.8991,7.5964,16984.5327,'CPI',25-Oct-99
'NSA-OBS-FLXTR',26-Mar-97,4,0.0581,2.7902,11.1608,16995.6935,'CPI',25-Oct-99
'NSA-OBS-FLXTR',1-Apr-97,6,0.0628,3.0147,18.0882,17013.7817,'CPI',25-Oct-99
'NSA-OBS-FLXTR',5-Apr-97,4,0.0377,1.8099,7.2396,17021.0213,'CPI',25-Oct-99
'NSA-OBS-FLXTR',9-Apr-97,4,0.0442,2.1234,8.4936,17029.5149,'CPI',25-Oct-99
'NSA-OBS-FLXTR',13-Apr-97,4,0.1272,6.1079,24.4316,17053.9465,'CPI',25-Oct-99
'NSA-OBS-FLXTR',17-Apr-97,4,0.1624,7.7943,31.1772,17085.1237,'CPI',25-Oct-99
'NSA-OBS-FLXTR',21-Apr-97,4,0.1955,9.386,37.544,17122.6677,'CPI',25-Oct-99
'NSA-OBS-FLXTR',25-Apr-97,4,0.2077,9.9697,39.8788,17162.5465,'CPI',25-Oct-99
'NSA-OBS-FLXTR',29-Apr-97,4,0.1746,8.38,33.52,17196.0665,'CPI',25-Oct-99
'NSA-OBS-FLXTR',13-May-97,24,0.1972,9.4665,227.196,17423.2625,'CPI',25-Oct-99
'NSA-OBS-FLXTR',28-May-97,7,0.3766,18.0779,126.5453,17549.8078,'CPI',25-Oct-99
'NSA-OBS-FLXTR',3-Jun-97,4,0.7192,34.5219,138.0876,17687.8954,'CPI',25-Oct-99
'NSA-OBS-FLXTR',7-Jun-97,4,1.1993,57.5661,230.2644,17918.1598,'CPI',25-Oct-99
'NSA-OBS-FLXTR',11-Jun-97,4,0.9182,44.0755,176.302,18094.4618,'CPI',25-Oct-99
'NSA-OBS-FLXTR',15-Jun-97,4,0.8905,42.7433,170.9732,18265.435,'CPI',25-Oct-99
'NSA-OBS-FLXTR',19-Jun-97,6,0.9152,43.9291,263.5746,18529.0096,'CPI',25-Oct-99
'NSA-OBS-FLXTR',25-Jun-97,4,1.0562,50.696,202.784,18731.7936,'CPI',25-Oct-99
'NSA-OBS-FLXTR',29-Jun-97,4,0.8885,42.6461,170.5844,18902.378,'CPI',25-Oct-99
'NSA-OBS-FLXTR',3-Jul-97,4,1.203,57.7446,230.9784,19133.3564,'CPI',25-Oct-99
'NSA-OBS-FLXTR',7-Jul-97,4,1.0936,52.4927,209.9708,19343.3272,'CPI',25-Oct-99
'NSA-OBS-FLXTR',11-Jul-97,4,1.5545,74.6144,298.4576,19641.7848,'CPI',25-Oct-99
'NSA-OBS-FLXTR',15-Jul-97,4,1.6454,78.9781,315.9124,19957.6972,'CPI',25-Oct-99
'NSA-OBS-FLXTR',19-Jul-97,4,1.0787,51.7763,207.1052,20164.8024,'CPI',25-Oct-99
'NSA-OBS-FLXTR',23-Jul-97,4,1.4007,67.232,268.928,20433.7304,'CPI',25-Oct-99
'NSA-OBS-FLXTR',27-Jul-97,4,1.1958,57.3991,229.5964,20663.3268,'CPI',25-Oct-99
'NSA-OBS-FLXTR',31-Jul-97,4,1.5481,74.3096,297.2384,20960.5652,'CPI',25-Oct-99
'NSA-OBS-FLXTR',4-Aug-97,4,1.328,63.7445,254.978,21215.5432,'CPI',25-Oct-99
'NSA-OBS-FLXTR',8-Aug-97,4,1.6328,78.3747,313.4988,21529.042,'CPI',25-Oct-99
'NSA-OBS-FLXTR',12-Aug-97,4,0.8075,38.7581,155.0324,21684.0744,'CPI',25-Oct-99
'NSA-OBS-FLXTR',18-Aug-97,9,1.0442,50.1229,451.1061,22135.1805,'CPI',25-Oct-99
'NSA-OBS-FLXTR',25-Aug-97,4,1.1197,53.7445,214.978,22350.1585,'CPI',25-Oct-99
'NSA-OBS-FLXTR',29-Aug-97,4,1.1025,52.918,211.672,22561.8305,'CPI',25-Oct-99
'NSA-OBS-FLXTR',2-Sep-97,4,0.9598,46.0688,184.2752,22746.1057,'CPI',25-Oct-99
'NSA-OBS-FLXTR',6-Sep-97,4,1.1456,54.9885,219.954,22966.0597,'CPI',25-Oct-99
'NSA-OBS-FLXTR',10-Sep-97,4,0.9678,46.4564,185.8256,23151.8853,'CPI',25-Oct-99
'NSA-OBS-FLXTR',14-Sep-97,4,0.8667,41.6037,166.4148,23318.3001,'CPI',25-Oct-99
'NSA-OBS-FLXTR',18-Sep-97,4,0.5599,26.8744,107.4976,23425.7977,'CPI',25-Oct-99
'NSA-OBS-FLXTR',22-Sep-97,4,0.6761,32.4543,129.8172,23555.6149,'CPI',25-Oct-99
'NSA-OBS-FLXTR',26-Sep-97,5,0.9095,43.655,218.275,23773.8899,'CPI',25-Oct-99
'NSA-OBS-FLXTR',1-Oct-97,4,0.412,19.7779,79.1116,23853.0015,'CPI',25-Oct-99
'NSA-OBS-FLXTR',5-Oct-97,4,0.4387,21.0559,84.2236,23937.2251,'CPI',25-Oct-99
'NSA-OBS-FLXTR',9-Oct-97,4,0.3287,15.777,63.108,24000.3331,'CPI',25-Oct-99
'NSA-OBS-FLXTR',13-Oct-97,4,0.3339,16.029,64.116,24064.4491,'CPI',25-Oct-99
'NSA-OBS-FLXTR',17-Oct-97,4,0.2881,13.828,55.312,24119.7611,'CPI',25-Oct-99
'NSA-OBS-FLXTR',21-Oct-97,4,0.1719,8.2536,33.0144,24152.7755,'CPI',25-Oct-99
'NSA-OBS-FLXTR',24-Oct-97,5,0.1362,6.5362,32.681,24185.4565,'CPI',25-Oct-99
