"SITE_NAME,SUB_SITE,DATE_OBS,CHAMBER_ID,SOIL_DEPTH,CO2_CONC,REVISION_DATE,CRTFCN_CODE"
"'SSA-9JP-CLRCT','9TF04-SPR01',05-JUN-1994,'ST',0.0,-999.0,12-NOV-1998,'CPI'"
"'SSA-9JP-CLRCT','9TF04-SPR01',05-JUN-1994,'ST',-.1,570.0,12-NOV-1998,'CPI'"
"'SSA-9JP-CLRCT','9TF04-SPR01',05-JUN-1994,'ST',-.1,621.0,12-NOV-1998,'CPI'"
"'SSA-9JP-CLRCT','9TF04-SPR01',05-JUN-1994,'ST',-.2,-999.0,12-NOV-1998,'CPI'"
"'SSA-9JP-CLRCT','9TF04-SPR01',05-JUN-1994,'ST',-.2,826.0,12-NOV-1998,'CPI'"
"'SSA-9JP-CLRCT','9TF04-SPR01',05-JUN-1994,'ST',-.3,-999.0,12-NOV-1998,'CPI'"
"'SSA-9JP-CLRCT','9TF04-SPR01',05-JUN-1994,'ST',-.3,963.0,12-NOV-1998,'CPI'"
"'SSA-9JP-CLRCT','9TF04-SPR01',05-JUN-1994,'ST',-.4,-999.0,12-NOV-1998,'CPI'"
"'SSA-9JP-CLRCT','9TF04-SPR01',05-JUN-1994,'ST',-.4,-999.0,12-NOV-1998,'CPI'"
"'SSA-9JP-CLRCT','9TF04-SPR01',05-JUN-1994,'ST',-.5,-999.0,12-NOV-1998,'CPI'"
"'SSA-9JP-CLRCT','9TF04-SPR01',05-JUN-1994,'ST',-.5,-999.0,12-NOV-1998,'CPI'"
"'SSA-9JP-CLRCT','9TF04-SPR01',05-JUN-1994,'ST',-.6,1020.0,12-NOV-1998,'CPI'"
"'SSA-9JP-CLRCT','9TF04-SPR01',05-JUN-1994,'ST',-.7,-999.0,12-NOV-1998,'CPI'"
"'SSA-9JP-CLRCT','9TF04-SPR01',05-JUN-1994,'ST',-.9,-999.0,12-NOV-1998,'CPI'"
"'SSA-9JP-CLRCT','9TF04-SPR01',29-JUN-1994,'ST',0.0,-999.0,12-NOV-1998,'CPI'"
"'SSA-9JP-CLRCT','9TF04-SPR01',29-JUN-1994,'ST',-.3,1050.0,12-NOV-1998,'CPI'"
"'SSA-9JP-CLRCT','9TF04-SPR01',29-JUN-1994,'ST',-.4,-999.0,12-NOV-1998,'CPI'"
"'SSA-9JP-CLRCT','9TF04-SPR01',29-JUN-1994,'ST',-.4,-999.0,12-NOV-1998,'CPI'"
"'SSA-9JP-CLRCT','9TF04-SPR01',29-JUN-1994,'ST',-.9,1180.0,12-NOV-1998,'CPI'"
"'SSA-9JP-CLRCT','9TF04-SPR01',29-JUN-1994,'ST',-.7,-999.0,12-NOV-1998,'CPI'"
"'SSA-9JP-CLRCT','9TF04-SPR01',29-JUN-1994,'ST',-.6,1140.0,12-NOV-1998,'CPI'"
"'SSA-9JP-CLRCT','9TF04-SPR01',29-JUN-1994,'ST',-.5,-999.0,12-NOV-1998,'CPI'"
"'SSA-9JP-CLRCT','9TF04-SPR01',29-JUN-1994,'ST',-.5,-999.0,12-NOV-1998,'CPI'"
"'SSA-9JP-CLRCT','9TF04-SPR01',29-JUN-1994,'ST',-.3,1000.0,12-NOV-1998,'CPI'"
"'SSA-9JP-CLRCT','9TF04-SPR01',29-JUN-1994,'ST',-.1,601.0,12-NOV-1998,'CPI'"
"'SSA-9JP-CLRCT','9TF04-SPR01',29-JUN-1994,'ST',-.1,747.0,12-NOV-1998,'CPI'"
"'SSA-9JP-CLRCT','9TF04-SPR01',29-JUN-1994,'ST',-.2,939.0,12-NOV-1998,'CPI'"
"'SSA-9JP-CLRCT','9TF04-SPR01',29-JUN-1994,'ST',-.2,885.0,12-NOV-1998,'CPI'"
"'SSA-9JP-CLRCT','9TF04-SPR01',07-JUL-1994,'ST',0.0,-999.0,12-NOV-1998,'CPI'"
"'SSA-9JP-CLRCT','9TF04-SPR01',07-JUL-1994,'ST',-.1,-999.0,12-NOV-1998,'CPI'"
"'SSA-9JP-CLRCT','9TF04-SPR01',07-JUL-1994,'ST',-.1,-999.0,12-NOV-1998,'CPI'"
"'SSA-9JP-CLRCT','9TF04-SPR01',07-JUL-1994,'ST',-.2,-999.0,12-NOV-1998,'CPI'"
"'SSA-9JP-CLRCT','9TF04-SPR01',07-JUL-1994,'ST',-.2,965.0,12-NOV-1998,'CPI'"
"'SSA-9JP-CLRCT','9TF04-SPR01',07-JUL-1994,'ST',-.3,-999.0,12-NOV-1998,'CPI'"
"'SSA-9JP-CLRCT','9TF04-SPR01',07-JUL-1994,'ST',-.3,1130.0,12-NOV-1998,'CPI'"
"'SSA-9JP-CLRCT','9TF04-SPR01',07-JUL-1994,'ST',-.4,-999.0,12-NOV-1998,'CPI'"
"'SSA-9JP-CLRCT','9TF04-SPR01',07-JUL-1994,'ST',-.4,-999.0,12-NOV-1998,'CPI'"
"'SSA-9JP-CLRCT','9TF04-SPR01',07-JUL-1994,'ST',-.5,-999.0,12-NOV-1998,'CPI'"
"'SSA-9JP-CLRCT','9TF04-SPR01',07-JUL-1994,'ST',-.5,-999.0,12-NOV-1998,'CPI'"
"'SSA-9JP-CLRCT','9TF04-SPR01',07-JUL-1994,'ST',-.6,1220.0,12-NOV-1998,'CPI'"
"'SSA-9JP-CLRCT','9TF04-SPR01',07-JUL-1994,'ST',-.7,-999.0,12-NOV-1998,'CPI'"
"'SSA-9JP-CLRCT','9TF04-SPR01',07-JUL-1994,'ST',-.9,1300.0,12-NOV-1998,'CPI'"
"'SSA-9JP-CLRCT','9TF04-SPR01',23-JUL-1994,'ST',0.0,-999.0,12-NOV-1998,'CPI'"
"'SSA-9JP-CLRCT','9TF04-SPR01',23-JUL-1994,'ST',-.1,1060.0,12-NOV-1998,'CPI'"
"'SSA-9JP-CLRCT','9TF04-SPR01',23-JUL-1994,'ST',-.2,1590.0,12-NOV-1998,'CPI'"
"'SSA-9JP-CLRCT','9TF04-SPR01',23-JUL-1994,'ST',-.3,1770.0,12-NOV-1998,'CPI'"
"'SSA-9JP-CLRCT','9TF04-SPR01',23-JUL-1994,'ST',-.3,1720.0,12-NOV-1998,'CPI'"
"'SSA-9JP-CLRCT','9TF04-SPR01',23-JUL-1994,'ST',-.9,1450.0,12-NOV-1998,'CPI'"
"'SSA-9JP-CLRCT','9TF04-SPR01',23-JUL-1994,'ST',-.7,-999.0,12-NOV-1998,'CPI'"
"'SSA-9JP-CLRCT','9TF04-SPR01',23-JUL-1994,'ST',-.6,1570.0,12-NOV-1998,'CPI'"
"'SSA-9JP-CLRCT','9TF04-SPR01',23-JUL-1994,'ST',-.5,-999.0,12-NOV-1998,'CPI'"
"'SSA-9JP-CLRCT','9TF04-SPR01',23-JUL-1994,'ST',-.5,1890.0,12-NOV-1998,'CPI'"
"'SSA-9JP-CLRCT','9TF04-SPR01',23-JUL-1994,'ST',-.4,1880.0,12-NOV-1998,'CPI'"
"'SSA-9JP-CLRCT','9TF04-SPR01',23-JUL-1994,'ST',-.4,1840.0,12-NOV-1998,'CPI'"
"'SSA-9JP-CLRCT','9TF04-SPR01',23-JUL-1994,'ST',-.2,1400.0,12-NOV-1998,'CPI'"
"'SSA-9JP-CLRCT','9TF04-SPR01',23-JUL-1994,'ST',-.1,636.0,12-NOV-1998,'CPI'"
"'SSA-9JP-CLRCT','9TF04-SPR01',14-AUG-1994,'ST',0.0,-999.0,12-NOV-1998,'CPI'"
"'SSA-9JP-CLRCT','9TF04-SPR01',14-AUG-1994,'ST',-.2,888.0,12-NOV-1998,'CPI'"
"'SSA-9JP-CLRCT','9TF04-SPR01',14-AUG-1994,'ST',-.3,1050.0,12-NOV-1998,'CPI'"
"'SSA-9JP-CLRCT','9TF04-SPR01',14-AUG-1994,'ST',-.4,-999.0,12-NOV-1998,'CPI'"
"'SSA-9JP-CLRCT','9TF04-SPR01',14-AUG-1994,'ST',-.4,-999.0,12-NOV-1998,'CPI'"
"'SSA-9JP-CLRCT','9TF04-SPR01',14-AUG-1994,'ST',-.9,1130.0,12-NOV-1998,'CPI'"
"'SSA-9JP-CLRCT','9TF04-SPR01',14-AUG-1994,'ST',-.7,-999.0,12-NOV-1998,'CPI'"
"'SSA-9JP-CLRCT','9TF04-SPR01',14-AUG-1994,'ST',-.6,1130.0,12-NOV-1998,'CPI'"
"'SSA-9JP-CLRCT','9TF04-SPR01',14-AUG-1994,'ST',-.5,-999.0,12-NOV-1998,'CPI'"
"'SSA-9JP-CLRCT','9TF04-SPR01',14-AUG-1994,'ST',-.5,-999.0,12-NOV-1998,'CPI'"
"'SSA-9JP-CLRCT','9TF04-SPR01',14-AUG-1994,'ST',-.3,-999.0,12-NOV-1998,'CPI'"
"'SSA-9JP-CLRCT','9TF04-SPR01',14-AUG-1994,'ST',-.2,-999.0,12-NOV-1998,'CPI'"
"'SSA-9JP-CLRCT','9TF04-SPR01',14-AUG-1994,'ST',-.1,-999.0,12-NOV-1998,'CPI'"
"'SSA-9JP-CLRCT','9TF04-SPR01',14-AUG-1994,'ST',-.1,-999.0,12-NOV-1998,'CPI'"
"'SSA-9JP-CLRCT','9TF04-SPR01',19-AUG-1994,'ST',0.0,-999.0,12-NOV-1998,'CPI'"
"'SSA-9JP-CLRCT','9TF04-SPR01',19-AUG-1994,'ST',-.1,-999.0,12-NOV-1998,'CPI'"
"'SSA-9JP-CLRCT','9TF04-SPR01',19-AUG-1994,'ST',-.2,-999.0,12-NOV-1998,'CPI'"
"'SSA-9JP-CLRCT','9TF04-SPR01',19-AUG-1994,'ST',-.3,-999.0,12-NOV-1998,'CPI'"
"'SSA-9JP-CLRCT','9TF04-SPR01',19-AUG-1994,'ST',-.4,-999.0,12-NOV-1998,'CPI'"
"'SSA-9JP-CLRCT','9TF04-SPR01',19-AUG-1994,'ST',-.5,-999.0,12-NOV-1998,'CPI'"
"'SSA-9JP-CLRCT','9TF04-SPR01',19-AUG-1994,'ST',-.6,1200.0,12-NOV-1998,'CPI'"
"'SSA-9JP-CLRCT','9TF04-SPR01',19-AUG-1994,'ST',-.5,-999.0,12-NOV-1998,'CPI'"
"'SSA-9JP-CLRCT','9TF04-SPR01',19-AUG-1994,'ST',-.9,-999.0,12-NOV-1998,'CPI'"
"'SSA-9JP-CLRCT','9TF04-SPR01',19-AUG-1994,'ST',-.7,1230.0,12-NOV-1998,'CPI'"
"'SSA-9JP-CLRCT','9TF04-SPR01',19-AUG-1994,'ST',-.4,-999.0,12-NOV-1998,'CPI'"
"'SSA-9JP-CLRCT','9TF04-SPR01',19-AUG-1994,'ST',-.3,1100.0,12-NOV-1998,'CPI'"
"'SSA-9JP-CLRCT','9TF04-SPR01',19-AUG-1994,'ST',-.2,923.0,12-NOV-1998,'CPI'"
"'SSA-9JP-CLRCT','9TF04-SPR01',19-AUG-1994,'ST',-.1,-999.0,12-NOV-1998,'CPI'"
"'SSA-9JP-CLRCT','9TF04-SPR01',09-SEP-1994,'ST',0.0,368.0,12-NOV-1998,'CPI'"
"'SSA-9JP-CLRCT','9TF04-SPR01',09-SEP-1994,'UV',0.0,398.0,12-NOV-1998,'CPI'"
"'SSA-9JP-CLRCT','9TF04-SPR01',09-SEP-1994,'WX',0.0,407.0,12-NOV-1998,'CPI'"
"'SSA-9JP-CLRCT','9TF04-SPR01',09-SEP-1994,'ST',-.1,536.0,12-NOV-1998,'CPI'"
"'SSA-9JP-CLRCT','9TF04-SPR01',09-SEP-1994,'UV',-.1,538.0,12-NOV-1998,'CPI'"
"'SSA-9JP-CLRCT','9TF04-SPR01',09-SEP-1994,'WX',-.1,552.0,12-NOV-1998,'CPI'"
"'SSA-9JP-CLRCT','9TF04-SPR01',09-SEP-1994,'ST',-.1,749.0,12-NOV-1998,'CPI'"
"'SSA-9JP-CLRCT','9TF04-SPR01',09-SEP-1994,'UV',-.1,912.0,12-NOV-1998,'CPI'"
"'SSA-9JP-CLRCT','9TF04-SPR01',09-SEP-1994,'WX',-.1,808.0,12-NOV-1998,'CPI'"
"'SSA-9JP-CLRCT','9TF04-SPR01',09-SEP-1994,'ST',-.2,862.0,12-NOV-1998,'CPI'"
"'SSA-9JP-CLRCT','9TF04-SPR01',09-SEP-1994,'UV',-.2,1110.0,12-NOV-1998,'CPI'"
"'SSA-9JP-CLRCT','9TF04-SPR01',09-SEP-1994,'WX',-.2,968.0,12-NOV-1998,'CPI'"
"'SSA-9JP-CLRCT','9TF04-SPR01',09-SEP-1994,'ST',-.2,883.0,12-NOV-1998,'CPI'"
"'SSA-9JP-CLRCT','9TF04-SPR01',09-SEP-1994,'UV',-.2,1230.0,12-NOV-1998,'CPI'"
"'SSA-9JP-CLRCT','9TF04-SPR01',09-SEP-1994,'WX',-.2,1170.0,12-NOV-1998,'CPI'"
"'SSA-9JP-CLRCT','9TF04-SPR01',09-SEP-1994,'ST',-.3,930.0,12-NOV-1998,'CPI'"
"'SSA-9JP-CLRCT','9TF04-SPR01',09-SEP-1994,'UV',-.3,1360.0,12-NOV-1998,'CPI'"
"'SSA-9JP-CLRCT','9TF04-SPR01',09-SEP-1994,'WX',-.3,1290.0,12-NOV-1998,'CPI'"
"'SSA-9JP-CLRCT','9TF04-SPR01',09-SEP-1994,'ST',-.3,1000.0,12-NOV-1998,'CPI'"
"'SSA-9JP-CLRCT','9TF04-SPR01',09-SEP-1994,'UV',-.3,1500.0,12-NOV-1998,'CPI'"
"'SSA-9JP-CLRCT','9TF04-SPR01',09-SEP-1994,'WX',-.3,1410.0,12-NOV-1998,'CPI'"
"'SSA-9JP-CLRCT','9TF04-SPR01',09-SEP-1994,'ST',-.4,1010.0,12-NOV-1998,'CPI'"
"'SSA-9JP-CLRCT','9TF04-SPR01',09-SEP-1994,'UV',-.4,1580.0,12-NOV-1998,'CPI'"
"'SSA-9JP-CLRCT','9TF04-SPR01',09-SEP-1994,'WX',-.4,1510.0,12-NOV-1998,'CPI'"
"'SSA-9JP-CLRCT','9TF04-SPR01',09-SEP-1994,'ST',-.4,1050.0,12-NOV-1998,'CPI'"
"'SSA-9JP-CLRCT','9TF04-SPR01',09-SEP-1994,'UV',-.4,1670.0,12-NOV-1998,'CPI'"
"'SSA-9JP-CLRCT','9TF04-SPR01',09-SEP-1994,'WX',-.4,1590.0,12-NOV-1998,'CPI'"
"'SSA-9JP-CLRCT','9TF04-SPR01',09-SEP-1994,'ST',-.5,1070.0,12-NOV-1998,'CPI'"
"'SSA-9JP-CLRCT','9TF04-SPR01',09-SEP-1994,'UV',-.5,1750.0,12-NOV-1998,'CPI'"
"'SSA-9JP-CLRCT','9TF04-SPR01',09-SEP-1994,'WX',-.5,1650.0,12-NOV-1998,'CPI'"
"'SSA-9JP-CLRCT','9TF04-SPR01',09-SEP-1994,'ST',-.5,1100.0,12-NOV-1998,'CPI'"
"'SSA-9JP-CLRCT','9TF04-SPR01',09-SEP-1994,'UV',-.5,1800.0,12-NOV-1998,'CPI'"
"'SSA-9JP-CLRCT','9TF04-SPR01',09-SEP-1994,'WX',-.5,1710.0,12-NOV-1998,'CPI'"
"'SSA-9JP-CLRCT','9TF04-SPR01',09-SEP-1994,'ST',-.6,1130.0,12-NOV-1998,'CPI'"
"'SSA-9JP-CLRCT','9TF04-SPR01',09-SEP-1994,'UV',-.6,-999.0,12-NOV-1998,'CPI'"
"'SSA-9JP-CLRCT','9TF04-SPR01',09-SEP-1994,'WX',-.6,-999.0,12-NOV-1998,'CPI'"
"'SSA-9JP-CLRCT','9TF04-SPR01',09-SEP-1994,'ST',-.7,-999.0,12-NOV-1998,'CPI'"
"'SSA-9JP-CLRCT','9TF04-SPR01',09-SEP-1994,'UV',-.7,-999.0,12-NOV-1998,'CPI'"
"'SSA-9JP-CLRCT','9TF04-SPR01',09-SEP-1994,'WX',-.7,-999.0,12-NOV-1998,'CPI'"
"'SSA-9JP-CLRCT','9TF04-SPR01',09-SEP-1994,'ST',-.9,-999.0,12-NOV-1998,'CPI'"
"'SSA-9JP-CLRCT','9TF04-SPR01',09-SEP-1994,'UV',-.9,-999.0,12-NOV-1998,'CPI'"
"'SSA-9JP-CLRCT','9TF04-SPR01',09-SEP-1994,'WX',-.9,-999.0,12-NOV-1998,'CPI'"
"'SSA-9JP-CLRCT','9TF04-SPR01',15-SEP-1994,'ST',0.0,-999.0,12-NOV-1998,'CPI'"
"'SSA-9JP-CLRCT','9TF04-SPR01',15-SEP-1994,'ST',-.1,-999.0,12-NOV-1998,'CPI'"
"'SSA-9JP-CLRCT','9TF04-SPR01',15-SEP-1994,'ST',-.1,-999.0,12-NOV-1998,'CPI'"
"'SSA-9JP-CLRCT','9TF04-SPR01',15-SEP-1994,'ST',-.2,-999.0,12-NOV-1998,'CPI'"
"'SSA-9JP-CLRCT','9TF04-SPR01',15-SEP-1994,'ST',-.2,726.0,12-NOV-1998,'CPI'"
"'SSA-9JP-CLRCT','9TF04-SPR01',15-SEP-1994,'ST',-.3,-999.0,12-NOV-1998,'CPI'"
"'SSA-9JP-CLRCT','9TF04-SPR01',15-SEP-1994,'ST',-.3,878.0,12-NOV-1998,'CPI'"
"'SSA-9JP-CLRCT','9TF04-SPR01',15-SEP-1994,'ST',-.4,-999.0,12-NOV-1998,'CPI'"
"'SSA-9JP-CLRCT','9TF04-SPR01',15-SEP-1994,'ST',-.4,-999.0,12-NOV-1998,'CPI'"
"'SSA-9JP-CLRCT','9TF04-SPR01',15-SEP-1994,'ST',-.5,-999.0,12-NOV-1998,'CPI'"
"'SSA-9JP-CLRCT','9TF04-SPR01',15-SEP-1994,'ST',-.5,-999.0,12-NOV-1998,'CPI'"
"'SSA-9JP-CLRCT','9TF04-SPR01',15-SEP-1994,'ST',-.6,1000.0,12-NOV-1998,'CPI'"
"'SSA-9JP-CLRCT','9TF04-SPR01',15-SEP-1994,'ST',-.7,-999.0,12-NOV-1998,'CPI'"
"'SSA-9JP-CLRCT','9TF04-SPR01',15-SEP-1994,'ST',-.9,-999.0,12-NOV-1998,'CPI'"
"'SSA-9JP-RECCT','9TF04-SPR01',05-JUN-1994,'QR',0.0,-999.0,12-NOV-1998,'CPI'"
"'SSA-9JP-RECCT','9TF04-SPR01',05-JUN-1994,'QR',-.1,1270.0,12-NOV-1998,'CPI'"
"'SSA-9JP-RECCT','9TF04-SPR01',05-JUN-1994,'QR',-.1,1820.0,12-NOV-1998,'CPI'"
"'SSA-9JP-RECCT','9TF04-SPR01',05-JUN-1994,'QR',-.3,2700.0,12-NOV-1998,'CPI'"
"'SSA-9JP-RECCT','9TF04-SPR01',05-JUN-1994,'QR',-.4,-999.0,12-NOV-1998,'CPI'"
"'SSA-9JP-RECCT','9TF04-SPR01',05-JUN-1994,'QR',-.5,-999.0,12-NOV-1998,'CPI'"
"'SSA-9JP-RECCT','9TF04-SPR01',05-JUN-1994,'QR',-.9,3020.0,12-NOV-1998,'CPI'"
"'SSA-9JP-RECCT','9TF04-SPR01',05-JUN-1994,'QR',-.6,2960.0,12-NOV-1998,'CPI'"
"'SSA-9JP-RECCT','9TF04-SPR01',05-JUN-1994,'QR',-.5,-999.0,12-NOV-1998,'CPI'"
"'SSA-9JP-RECCT','9TF04-SPR01',05-JUN-1994,'QR',-.4,-999.0,12-NOV-1998,'CPI'"
"'SSA-9JP-RECCT','9TF04-SPR01',05-JUN-1994,'QR',-.3,-999.0,12-NOV-1998,'CPI'"
"'SSA-9JP-RECCT','9TF04-SPR01',05-JUN-1994,'QR',-.2,2310.0,12-NOV-1998,'CPI'"
"'SSA-9JP-RECCT','9TF04-SPR01',05-JUN-1994,'QR',-.2,-999.0,12-NOV-1998,'CPI'"
"'SSA-9JP-RECCT','9TF04-SPR01',29-JUN-1994,'QR',0.0,-999.0,12-NOV-1998,'CPI'"
"'SSA-9JP-RECCT','9TF04-SPR01',29-JUN-1994,'QR',-.2,3790.0,12-NOV-1998,'CPI'"
"'SSA-9JP-RECCT','9TF04-SPR01',29-JUN-1994,'QR',-.3,3800.0,12-NOV-1998,'CPI'"
"'SSA-9JP-RECCT','9TF04-SPR01',29-JUN-1994,'QR',-.3,3820.0,12-NOV-1998,'CPI'"
"'SSA-9JP-RECCT','9TF04-SPR01',29-JUN-1994,'QR',-.9,3720.0,12-NOV-1998,'CPI'"
"'SSA-9JP-RECCT','9TF04-SPR01',29-JUN-1994,'QR',-.6,3670.0,12-NOV-1998,'CPI'"
"'SSA-9JP-RECCT','9TF04-SPR01',29-JUN-1994,'QR',-.5,-999.0,12-NOV-1998,'CPI'"
"'SSA-9JP-RECCT','9TF04-SPR01',29-JUN-1994,'QR',-.5,-999.0,12-NOV-1998,'CPI'"
"'SSA-9JP-RECCT','9TF04-SPR01',29-JUN-1994,'QR',-.4,-999.0,12-NOV-1998,'CPI'"
"'SSA-9JP-RECCT','9TF04-SPR01',29-JUN-1994,'QR',-.4,-999.0,12-NOV-1998,'CPI'"
"'SSA-9JP-RECCT','9TF04-SPR01',29-JUN-1994,'QR',-.2,3650.0,12-NOV-1998,'CPI'"
"'SSA-9JP-RECCT','9TF04-SPR01',29-JUN-1994,'QR',-.1,2550.0,12-NOV-1998,'CPI'"
"'SSA-9JP-RECCT','9TF04-SPR01',29-JUN-1994,'QR',-.1,3310.0,12-NOV-1998,'CPI'"
"'SSA-9JP-RECCT','9TF04-SPR01',08-JUL-1994,'QR',0.0,-999.0,12-NOV-1998,'CPI'"
"'SSA-9JP-RECCT','9TF04-SPR01',08-JUL-1994,'QR',-.4,-999.0,12-NOV-1998,'CPI'"
"'SSA-9JP-RECCT','9TF04-SPR01',08-JUL-1994,'QR',-.5,-999.0,12-NOV-1998,'CPI'"
"'SSA-9JP-RECCT','9TF04-SPR01',08-JUL-1994,'QR',-.4,-999.0,12-NOV-1998,'CPI'"
"'SSA-9JP-RECCT','9TF04-SPR01',08-JUL-1994,'QR',-.9,5040.0,12-NOV-1998,'CPI'"
"'SSA-9JP-RECCT','9TF04-SPR01',08-JUL-1994,'QR',-.6,5060.0,12-NOV-1998,'CPI'"
"'SSA-9JP-RECCT','9TF04-SPR01',08-JUL-1994,'QR',-.5,-999.0,12-NOV-1998,'CPI'"
"'SSA-9JP-RECCT','9TF04-SPR01',08-JUL-1994,'QR',-.3,4430.0,12-NOV-1998,'CPI'"
"'SSA-9JP-RECCT','9TF04-SPR01',08-JUL-1994,'QR',-.1,2710.0,12-NOV-1998,'CPI'"
"'SSA-9JP-RECCT','9TF04-SPR01',08-JUL-1994,'QR',-.2,-999.0,12-NOV-1998,'CPI'"
"'SSA-9JP-RECCT','9TF04-SPR01',08-JUL-1994,'QR',-.3,-999.0,12-NOV-1998,'CPI'"
"'SSA-9JP-RECCT','9TF04-SPR01',08-JUL-1994,'QR',-.2,3970.0,12-NOV-1998,'CPI'"
"'SSA-9JP-RECCT','9TF04-SPR01',08-JUL-1994,'QR',-.1,-999.0,12-NOV-1998,'CPI'"
"'SSA-9JP-RECCT','9TF04-SPR01',23-JUL-1994,'QR',0.0,-999.0,12-NOV-1998,'CPI'"
"'SSA-9JP-RECCT','9TF04-SPR01',23-JUL-1994,'QR',-.1,3710.0,12-NOV-1998,'CPI'"
"'SSA-9JP-RECCT','9TF04-SPR01',23-JUL-1994,'QR',-.3,4950.0,12-NOV-1998,'CPI'"
"'SSA-9JP-RECCT','9TF04-SPR01',23-JUL-1994,'QR',-.4,5320.0,12-NOV-1998,'CPI'"
"'SSA-9JP-RECCT','9TF04-SPR01',23-JUL-1994,'QR',-.5,5540.0,12-NOV-1998,'CPI'"
"'SSA-9JP-RECCT','9TF04-SPR01',23-JUL-1994,'QR',-.6,5730.0,12-NOV-1998,'CPI'"
"'SSA-9JP-RECCT','9TF04-SPR01',23-JUL-1994,'QR',-.9,6040.0,12-NOV-1998,'CPI'"
"'SSA-9JP-RECCT','9TF04-SPR01',23-JUL-1994,'QR',-.5,-999.0,12-NOV-1998,'CPI'"
"'SSA-9JP-RECCT','9TF04-SPR01',23-JUL-1994,'QR',-.4,5440.0,12-NOV-1998,'CPI'"
"'SSA-9JP-RECCT','9TF04-SPR01',23-JUL-1994,'QR',-.2,4550.0,12-NOV-1998,'CPI'"
"'SSA-9JP-RECCT','9TF04-SPR01',23-JUL-1994,'QR',-.2,4280.0,12-NOV-1998,'CPI'"
"'SSA-9JP-RECCT','9TF04-SPR01',23-JUL-1994,'QR',-.1,2560.0,12-NOV-1998,'CPI'"
"'SSA-9JP-RECCT','9TF04-SPR01',23-JUL-1994,'QR',-.3,5100.0,12-NOV-1998,'CPI'"
"'SSA-9JP-RECCT','9TF04-SPR01',10-AUG-1994,'QR',0.0,-999.0,12-NOV-1998,'CPI'"
"'SSA-9JP-RECCT','9TF04-SPR01',10-AUG-1994,'QR',-.2,-999.0,12-NOV-1998,'CPI'"
"'SSA-9JP-RECCT','9TF04-SPR01',10-AUG-1994,'QR',-.1,-999.0,12-NOV-1998,'CPI'"
"'SSA-9JP-RECCT','9TF04-SPR01',10-AUG-1994,'QR',-.1,-999.0,12-NOV-1998,'CPI'"
"'SSA-9JP-RECCT','9TF04-SPR01',10-AUG-1994,'QR',-.2,1110.0,12-NOV-1998,'CPI'"
"'SSA-9JP-RECCT','9TF04-SPR01',10-AUG-1994,'QR',-.3,1410.0,12-NOV-1998,'CPI'"
"'SSA-9JP-RECCT','9TF04-SPR01',10-AUG-1994,'QR',-.4,-999.0,12-NOV-1998,'CPI'"
"'SSA-9JP-RECCT','9TF04-SPR01',10-AUG-1994,'QR',-.4,-999.0,12-NOV-1998,'CPI'"
"'SSA-9JP-RECCT','9TF04-SPR01',10-AUG-1994,'QR',-.9,2190.0,12-NOV-1998,'CPI'"
"'SSA-9JP-RECCT','9TF04-SPR01',10-AUG-1994,'QR',-.6,1800.0,12-NOV-1998,'CPI'"
"'SSA-9JP-RECCT','9TF04-SPR01',10-AUG-1994,'QR',-.5,-999.0,12-NOV-1998,'CPI'"
"'SSA-9JP-RECCT','9TF04-SPR01',10-AUG-1994,'QR',-.5,-999.0,12-NOV-1998,'CPI'"
"'SSA-9JP-RECCT','9TF04-SPR01',10-AUG-1994,'QR',-.3,-999.0,12-NOV-1998,'CPI'"
"'SSA-9JP-RECCT','9TF04-SPR01',14-AUG-1994,'QR',0.0,-999.0,12-NOV-1998,'CPI'"
"'SSA-9JP-RECCT','9TF04-SPR01',14-AUG-1994,'QR',-.1,925.0,12-NOV-1998,'CPI'"
"'SSA-9JP-RECCT','9TF04-SPR01',14-AUG-1994,'QR',-.2,1200.0,12-NOV-1998,'CPI'"
"'SSA-9JP-RECCT','9TF04-SPR01',14-AUG-1994,'QR',-.2,-999.0,12-NOV-1998,'CPI'"
"'SSA-9JP-RECCT','9TF04-SPR01',14-AUG-1994,'QR',-.9,2090.0,12-NOV-1998,'CPI'"
"'SSA-9JP-RECCT','9TF04-SPR01',14-AUG-1994,'QR',-.6,1700.0,12-NOV-1998,'CPI'"
"'SSA-9JP-RECCT','9TF04-SPR01',14-AUG-1994,'QR',-.5,-999.0,12-NOV-1998,'CPI'"
"'SSA-9JP-RECCT','9TF04-SPR01',14-AUG-1994,'QR',-.5,-999.0,12-NOV-1998,'CPI'"
"'SSA-9JP-RECCT','9TF04-SPR01',14-AUG-1994,'QR',-.4,-999.0,12-NOV-1998,'CPI'"
"'SSA-9JP-RECCT','9TF04-SPR01',14-AUG-1994,'QR',-.4,-999.0,12-NOV-1998,'CPI'"
"'SSA-9JP-RECCT','9TF04-SPR01',14-AUG-1994,'QR',-.3,1420.0,12-NOV-1998,'CPI'"
"'SSA-9JP-RECCT','9TF04-SPR01',14-AUG-1994,'QR',-.3,-999.0,12-NOV-1998,'CPI'"
"'SSA-9JP-RECCT','9TF04-SPR01',14-AUG-1994,'QR',-.1,-999.0,12-NOV-1998,'CPI'"
"'SSA-9JP-RECCT','9TF04-SPR01',19-AUG-1994,'QR',0.0,-999.0,12-NOV-1998,'CPI'"
"'SSA-9JP-RECCT','9TF04-SPR01',19-AUG-1994,'QR',-.2,-999.0,12-NOV-1998,'CPI'"
"'SSA-9JP-RECCT','9TF04-SPR01',19-AUG-1994,'QR',-.1,866.0,12-NOV-1998,'CPI'"
"'SSA-9JP-RECCT','9TF04-SPR01',19-AUG-1994,'QR',-.1,-999.0,12-NOV-1998,'CPI'"
"'SSA-9JP-RECCT','9TF04-SPR01',19-AUG-1994,'QR',-.2,1140.0,12-NOV-1998,'CPI'"
"'SSA-9JP-RECCT','9TF04-SPR01',19-AUG-1994,'QR',-.3,1390.0,12-NOV-1998,'CPI'"
"'SSA-9JP-RECCT','9TF04-SPR01',19-AUG-1994,'QR',-.4,-999.0,12-NOV-1998,'CPI'"
"'SSA-9JP-RECCT','9TF04-SPR01',19-AUG-1994,'QR',-.4,-999.0,12-NOV-1998,'CPI'"
"'SSA-9JP-RECCT','9TF04-SPR01',19-AUG-1994,'QR',-.9,2010.0,12-NOV-1998,'CPI'"
"'SSA-9JP-RECCT','9TF04-SPR01',19-AUG-1994,'QR',-.6,1670.0,12-NOV-1998,'CPI'"
"'SSA-9JP-RECCT','9TF04-SPR01',19-AUG-1994,'QR',-.5,-999.0,12-NOV-1998,'CPI'"
"'SSA-9JP-RECCT','9TF04-SPR01',19-AUG-1994,'QR',-.5,-999.0,12-NOV-1998,'CPI'"
"'SSA-9JP-RECCT','9TF04-SPR01',19-AUG-1994,'QR',-.3,-999.0,12-NOV-1998,'CPI'"
"'SSA-9JP-RECCT','9TF04-SPR01',09-SEP-1994,'QR',0.0,1000.0,12-NOV-1998,'CPI'"
"'SSA-9JP-RECCT','9TF04-SPR01',09-SEP-1994,'QR',-.2,4080.0,12-NOV-1998,'CPI'"
"'SSA-9JP-RECCT','9TF04-SPR01',09-SEP-1994,'QR',-.3,-999.0,12-NOV-1998,'CPI'"
"'SSA-9JP-RECCT','9TF04-SPR01',09-SEP-1994,'QR',-.4,-999.0,12-NOV-1998,'CPI'"
"'SSA-9JP-RECCT','9TF04-SPR01',09-SEP-1994,'QR',-.5,-999.0,12-NOV-1998,'CPI'"
"'SSA-9JP-RECCT','9TF04-SPR01',09-SEP-1994,'QR',-.6,-999.0,12-NOV-1998,'CPI'"
"'SSA-9JP-RECCT','9TF04-SPR01',09-SEP-1994,'QR',-.9,-999.0,12-NOV-1998,'CPI'"
"'SSA-9JP-RECCT','9TF04-SPR01',09-SEP-1994,'QR',-.5,-999.0,12-NOV-1998,'CPI'"
"'SSA-9JP-RECCT','9TF04-SPR01',09-SEP-1994,'QR',-.4,-999.0,12-NOV-1998,'CPI'"
"'SSA-9JP-RECCT','9TF04-SPR01',09-SEP-1994,'QR',-.3,-999.0,12-NOV-1998,'CPI'"
"'SSA-9JP-RECCT','9TF04-SPR01',09-SEP-1994,'QR',-.2,-999.0,12-NOV-1998,'CPI'"
"'SSA-9JP-RECCT','9TF04-SPR01',09-SEP-1994,'QR',-.1,3250.0,12-NOV-1998,'CPI'"
"'SSA-9JP-RECCT','9TF04-SPR01',09-SEP-1994,'QR',-.1,3180.0,12-NOV-1998,'CPI'"
"'SSA-9JP-RECCT','9TF04-SPR01',10-SEP-1994,'QR',0.0,-999.0,12-NOV-1998,'CPI'"
"'SSA-9JP-RECCT','9TF04-SPR01',10-SEP-1994,'QR',-.4,1970.0,12-NOV-1998,'CPI'"
"'SSA-9JP-RECCT','9TF04-SPR01',10-SEP-1994,'OP',-.4,1780.0,12-NOV-1998,'CPI'"
"'SSA-9JP-RECCT','9TF04-SPR01',10-SEP-1994,'MN',-.4,-999.0,12-NOV-1998,'CPI'"
"'SSA-9JP-RECCT','9TF04-SPR01',10-SEP-1994,'QR',-.4,-999.0,12-NOV-1998,'CPI'"
"'SSA-9JP-RECCT','9TF04-SPR01',10-SEP-1994,'QR',-.3,1920.0,12-NOV-1998,'CPI'"
"'SSA-9JP-RECCT','9TF04-SPR01',10-SEP-1994,'OP',-.3,1670.0,12-NOV-1998,'CPI'"
"'SSA-9JP-RECCT','9TF04-SPR01',10-SEP-1994,'MN',-.3,-999.0,12-NOV-1998,'CPI'"
"'SSA-9JP-RECCT','9TF04-SPR01',10-SEP-1994,'QR',-.3,1800.0,12-NOV-1998,'CPI'"
"'SSA-9JP-RECCT','9TF04-SPR01',10-SEP-1994,'QR',-.5,2060.0,12-NOV-1998,'CPI'"
"'SSA-9JP-RECCT','9TF04-SPR01',10-SEP-1994,'OP',-.5,1950.0,12-NOV-1998,'CPI'"
"'SSA-9JP-RECCT','9TF04-SPR01',10-SEP-1994,'MN',-.5,-999.0,12-NOV-1998,'CPI'"
"'SSA-9JP-RECCT','9TF04-SPR01',10-SEP-1994,'QR',-.5,-999.0,12-NOV-1998,'CPI'"
"'SSA-9JP-RECCT','9TF04-SPR01',10-SEP-1994,'QR',-.4,2020.0,12-NOV-1998,'CPI'"
"'SSA-9JP-RECCT','9TF04-SPR01',10-SEP-1994,'OP',-.4,1870.0,12-NOV-1998,'CPI'"
"'SSA-9JP-RECCT','9TF04-SPR01',10-SEP-1994,'MN',-.4,-999.0,12-NOV-1998,'CPI'"
"'SSA-9JP-RECCT','9TF04-SPR01',10-SEP-1994,'QR',-.4,-999.0,12-NOV-1998,'CPI'"
"'SSA-9JP-RECCT','9TF04-SPR01',10-SEP-1994,'QR',-.3,1840.0,12-NOV-1998,'CPI'"
"'SSA-9JP-RECCT','9TF04-SPR01',10-SEP-1994,'OP',-.3,1510.0,12-NOV-1998,'CPI'"
"'SSA-9JP-RECCT','9TF04-SPR01',10-SEP-1994,'MN',-.3,-999.0,12-NOV-1998,'CPI'"
"'SSA-9JP-RECCT','9TF04-SPR01',10-SEP-1994,'QR',-.3,-999.0,12-NOV-1998,'CPI'"
"'SSA-9JP-RECCT','9TF04-SPR01',10-SEP-1994,'QR',-.2,1720.0,12-NOV-1998,'CPI'"
"'SSA-9JP-RECCT','9TF04-SPR01',10-SEP-1994,'OP',-.2,1350.0,12-NOV-1998,'CPI'"
"'SSA-9JP-RECCT','9TF04-SPR01',10-SEP-1994,'MN',-.2,-999.0,12-NOV-1998,'CPI'"
"'SSA-9JP-RECCT','9TF04-SPR01',10-SEP-1994,'QR',-.2,1560.0,12-NOV-1998,'CPI'"
"'SSA-9JP-RECCT','9TF04-SPR01',10-SEP-1994,'QR',-.2,1610.0,12-NOV-1998,'CPI'"
"'SSA-9JP-RECCT','9TF04-SPR01',10-SEP-1994,'OP',-.2,1220.0,12-NOV-1998,'CPI'"
"'SSA-9JP-RECCT','9TF04-SPR01',10-SEP-1994,'MN',-.2,2870.0,12-NOV-1998,'CPI'"
"'SSA-9JP-RECCT','9TF04-SPR01',10-SEP-1994,'QR',-.2,-999.0,12-NOV-1998,'CPI'"
"'SSA-9JP-RECCT','9TF04-SPR01',10-SEP-1994,'QR',-.1,1360.0,12-NOV-1998,'CPI'"
"'SSA-9JP-RECCT','9TF04-SPR01',10-SEP-1994,'OP',-.1,1030.0,12-NOV-1998,'CPI'"
"'SSA-9JP-RECCT','9TF04-SPR01',10-SEP-1994,'MN',-.1,2870.0,12-NOV-1998,'CPI'"
"'SSA-9JP-RECCT','9TF04-SPR01',10-SEP-1994,'QR',-.1,1080.0,12-NOV-1998,'CPI'"
"'SSA-9JP-RECCT','9TF04-SPR01',10-SEP-1994,'QR',-.6,-999.0,12-NOV-1998,'CPI'"
"'SSA-9JP-RECCT','9TF04-SPR01',10-SEP-1994,'OP',-.6,-999.0,12-NOV-1998,'CPI'"
"'SSA-9JP-RECCT','9TF04-SPR01',10-SEP-1994,'MN',-.6,-999.0,12-NOV-1998,'CPI'"
"'SSA-9JP-RECCT','9TF04-SPR01',10-SEP-1994,'QR',-.6,2090.0,12-NOV-1998,'CPI'"
"'SSA-9JP-RECCT','9TF04-SPR01',10-SEP-1994,'QR',-.5,2110.0,12-NOV-1998,'CPI'"
"'SSA-9JP-RECCT','9TF04-SPR01',10-SEP-1994,'OP',-.5,2060.0,12-NOV-1998,'CPI'"
"'SSA-9JP-RECCT','9TF04-SPR01',10-SEP-1994,'MN',-.5,-999.0,12-NOV-1998,'CPI'"
"'SSA-9JP-RECCT','9TF04-SPR01',10-SEP-1994,'QR',-.5,-999.0,12-NOV-1998,'CPI'"
"'SSA-9JP-RECCT','9TF04-SPR01',10-SEP-1994,'QR',-.9,-999.0,12-NOV-1998,'CPI'"
"'SSA-9JP-RECCT','9TF04-SPR01',10-SEP-1994,'OP',-.9,-999.0,12-NOV-1998,'CPI'"
"'SSA-9JP-RECCT','9TF04-SPR01',10-SEP-1994,'MN',-.9,-999.0,12-NOV-1998,'CPI'"
"'SSA-9JP-RECCT','9TF04-SPR01',10-SEP-1994,'QR',-.9,2360.0,12-NOV-1998,'CPI'"
"'SSA-9JP-RECCT','9TF04-SPR01',10-SEP-1994,'QR',0.0,540.0,12-NOV-1998,'CPI'"
"'SSA-9JP-RECCT','9TF04-SPR01',10-SEP-1994,'QR',-.1,-999.0,12-NOV-1998,'CPI'"
"'SSA-9JP-RECCT','9TF04-SPR01',10-SEP-1994,'MN',-.1,1500.0,12-NOV-1998,'CPI'"
"'SSA-9JP-RECCT','9TF04-SPR01',10-SEP-1994,'QR',-.1,1060.0,12-NOV-1998,'CPI'"
"'SSA-9JP-RECCT','9TF04-SPR01',10-SEP-1994,'OP',-.1,646.0,12-NOV-1998,'CPI'"
"'SSA-9JP-RECCT','9TF04-SPR01',10-SEP-1994,'OP',0.0,541.0,12-NOV-1998,'CPI'"
"'SSA-9JP-RECCT','9TF04-SPR01',10-SEP-1994,'MN',0.0,796.0,12-NOV-1998,'CPI'"
"'SSA-OJP-FLXTR','9TF04-SPR01',26-MAY-1994,'OJP',0.0,-999.0,12-NOV-1998,'CPI'"
"'SSA-OJP-FLXTR','9TF04-SPR01',26-MAY-1994,'OJP',-.1,-999.0,12-NOV-1998,'CPI'"
"'SSA-OJP-FLXTR','9TF04-SPR01',26-MAY-1994,'OJP',-.1,696.0,12-NOV-1998,'CPI'"
"'SSA-OJP-FLXTR','9TF04-SPR01',26-MAY-1994,'OJP',-.3,-999.0,12-NOV-1998,'CPI'"
"'SSA-OJP-FLXTR','9TF04-SPR01',26-MAY-1994,'OJP',-.4,-999.0,12-NOV-1998,'CPI'"
"'SSA-OJP-FLXTR','9TF04-SPR01',26-MAY-1994,'OJP',-.5,1182.0,12-NOV-1998,'CPI'"
"'SSA-OJP-FLXTR','9TF04-SPR01',26-MAY-1994,'OJP',-.6,-999.0,12-NOV-1998,'CPI'"
"'SSA-OJP-FLXTR','9TF04-SPR01',26-MAY-1994,'OJP',-.7,-999.0,12-NOV-1998,'CPI'"
"'SSA-OJP-FLXTR','9TF04-SPR01',26-MAY-1994,'OJP',-.7,-999.0,12-NOV-1998,'CPI'"
"'SSA-OJP-FLXTR','9TF04-SPR01',26-MAY-1994,'OJP',-3.4,564.0,12-NOV-1998,'CPI'"
"'SSA-OJP-FLXTR','9TF04-SPR01',26-MAY-1994,'OJP',-3.0,-999.0,12-NOV-1998,'CPI'"
"'SSA-OJP-FLXTR','9TF04-SPR01',26-MAY-1994,'OJP',-2.5,844.0,12-NOV-1998,'CPI'"
"'SSA-OJP-FLXTR','9TF04-SPR01',26-MAY-1994,'OJP',-2.0,987.0,12-NOV-1998,'CPI'"
"'SSA-OJP-FLXTR','9TF04-SPR01',26-MAY-1994,'OJP',-1.2,1362.0,12-NOV-1998,'CPI'"
"'SSA-OJP-FLXTR','9TF04-SPR01',26-MAY-1994,'OJP',-1.0,-999.0,12-NOV-1998,'CPI'"
"'SSA-OJP-FLXTR','9TF04-SPR01',26-MAY-1994,'OJP',-1.0,1122.0,12-NOV-1998,'CPI'"
"'SSA-OJP-FLXTR','9TF04-SPR01',26-MAY-1994,'OJP',-.9,1516.0,12-NOV-1998,'CPI'"
"'SSA-OJP-FLXTR','9TF04-SPR01',26-MAY-1994,'OJP',-.8,1140.0,12-NOV-1998,'CPI'"
"'SSA-OJP-FLXTR','9TF04-SPR01',26-MAY-1994,'OJP',-.6,-999.0,12-NOV-1998,'CPI'"
"'SSA-OJP-FLXTR','9TF04-SPR01',26-MAY-1994,'OJP',-.5,-999.0,12-NOV-1998,'CPI'"
"'SSA-OJP-FLXTR','9TF04-SPR01',26-MAY-1994,'OJP',-.4,-999.0,12-NOV-1998,'CPI'"
"'SSA-OJP-FLXTR','9TF04-SPR01',26-MAY-1994,'OJP',-.3,1168.0,12-NOV-1998,'CPI'"
"'SSA-OJP-FLXTR','9TF04-SPR01',26-MAY-1994,'OJP',-.2,-999.0,12-NOV-1998,'CPI'"
"'SSA-OJP-FLXTR','9TF04-SPR01',26-MAY-1994,'OJP',-.2,-999.0,12-NOV-1998,'CPI'"
"'SSA-OJP-FLXTR','9TF04-SPR01',27-MAY-1994,'OJP',0.0,-999.0,12-NOV-1998,'CPI'"
"'SSA-OJP-FLXTR','9TF04-SPR01',27-MAY-1994,'OJP',-3.4,515.0,12-NOV-1998,'CPI'"
"'SSA-OJP-FLXTR','9TF04-SPR01',27-MAY-1994,'OJP',-3.0,-999.0,12-NOV-1998,'CPI'"
"'SSA-OJP-FLXTR','9TF04-SPR01',27-MAY-1994,'OJP',-2.5,805.0,12-NOV-1998,'CPI'"
"'SSA-OJP-FLXTR','9TF04-SPR01',27-MAY-1994,'OJP',-2.0,945.0,12-NOV-1998,'CPI'"
"'SSA-OJP-FLXTR','9TF04-SPR01',27-MAY-1994,'OJP',-1.2,1290.0,12-NOV-1998,'CPI'"
"'SSA-OJP-FLXTR','9TF04-SPR01',27-MAY-1994,'OJP',-1.0,-999.0,12-NOV-1998,'CPI'"
"'SSA-OJP-FLXTR','9TF04-SPR01',27-MAY-1994,'OJP',-1.0,1103.0,12-NOV-1998,'CPI'"
"'SSA-OJP-FLXTR','9TF04-SPR01',27-MAY-1994,'OJP',-.9,1424.0,12-NOV-1998,'CPI'"
"'SSA-OJP-FLXTR','9TF04-SPR01',27-MAY-1994,'OJP',-.8,1129.0,12-NOV-1998,'CPI'"
"'SSA-OJP-FLXTR','9TF04-SPR01',27-MAY-1994,'OJP',-.7,-999.0,12-NOV-1998,'CPI'"
"'SSA-OJP-FLXTR','9TF04-SPR01',27-MAY-1994,'OJP',-.7,-999.0,12-NOV-1998,'CPI'"
"'SSA-OJP-FLXTR','9TF04-SPR01',27-MAY-1994,'OJP',-.6,-999.0,12-NOV-1998,'CPI'"
"'SSA-OJP-FLXTR','9TF04-SPR01',27-MAY-1994,'OJP',-.6,-999.0,12-NOV-1998,'CPI'"
"'SSA-OJP-FLXTR','9TF04-SPR01',27-MAY-1994,'OJP',-.5,1162.0,12-NOV-1998,'CPI'"
"'SSA-OJP-FLXTR','9TF04-SPR01',27-MAY-1994,'OJP',-.5,-999.0,12-NOV-1998,'CPI'"
"'SSA-OJP-FLXTR','9TF04-SPR01',27-MAY-1994,'OJP',-.4,-999.0,12-NOV-1998,'CPI'"
"'SSA-OJP-FLXTR','9TF04-SPR01',27-MAY-1994,'OJP',-.2,-999.0,12-NOV-1998,'CPI'"
"'SSA-OJP-FLXTR','9TF04-SPR01',27-MAY-1994,'OJP',-.2,-999.0,12-NOV-1998,'CPI'"
"'SSA-OJP-FLXTR','9TF04-SPR01',27-MAY-1994,'OJP',-.3,786.0,12-NOV-1998,'CPI'"
"'SSA-OJP-FLXTR','9TF04-SPR01',27-MAY-1994,'OJP',-.4,-999.0,12-NOV-1998,'CPI'"
"'SSA-OJP-FLXTR','9TF04-SPR01',27-MAY-1994,'OJP',-.3,-999.0,12-NOV-1998,'CPI'"
"'SSA-OJP-FLXTR','9TF04-SPR01',27-MAY-1994,'OJP',-.1,1017.0,12-NOV-1998,'CPI'"
"'SSA-OJP-FLXTR','9TF04-SPR01',27-MAY-1994,'OJP',-.1,-999.0,12-NOV-1998,'CPI'"
"'SSA-OJP-FLXTR','9TF04-SPR01',09-JUN-1994,'OJP',0.0,-999.0,12-NOV-1998,'CPI'"
"'SSA-OJP-FLXTR','9TF04-SPR01',09-JUN-1994,'OJP',-.1,1008.0,12-NOV-1998,'CPI'"
"'SSA-OJP-FLXTR','9TF04-SPR01',09-JUN-1994,'OJP',-.2,1218.0,12-NOV-1998,'CPI'"
"'SSA-OJP-FLXTR','9TF04-SPR01',09-JUN-1994,'OJP',-.3,362.0,12-NOV-1998,'CPI'"
"'SSA-OJP-FLXTR','9TF04-SPR01',09-JUN-1994,'OJP',-.2,1406.0,12-NOV-1998,'CPI'"
"'SSA-OJP-FLXTR','9TF04-SPR01',09-JUN-1994,'OJP',-.1,1227.0,12-NOV-1998,'CPI'"
"'SSA-OJP-FLXTR','9TF04-SPR01',09-JUN-1994,'OJP',-.3,1508.0,12-NOV-1998,'CPI'"
"'SSA-OJP-FLXTR','9TF04-SPR01',09-JUN-1994,'OJP',-.4,1544.0,12-NOV-1998,'CPI'"
"'SSA-OJP-FLXTR','9TF04-SPR01',09-JUN-1994,'OJP',-.4,-999.0,12-NOV-1998,'CPI'"
"'SSA-OJP-FLXTR','9TF04-SPR01',09-JUN-1994,'OJP',-1.0,-999.0,12-NOV-1998,'CPI'"
"'SSA-OJP-FLXTR','9TF04-SPR01',09-JUN-1994,'OJP',-.9,1822.0,12-NOV-1998,'CPI'"
"'SSA-OJP-FLXTR','9TF04-SPR01',09-JUN-1994,'OJP',-.8,1513.0,12-NOV-1998,'CPI'"
"'SSA-OJP-FLXTR','9TF04-SPR01',09-JUN-1994,'OJP',-.7,-999.0,12-NOV-1998,'CPI'"
"'SSA-OJP-FLXTR','9TF04-SPR01',09-JUN-1994,'OJP',-.7,-999.0,12-NOV-1998,'CPI'"
"'SSA-OJP-FLXTR','9TF04-SPR01',09-JUN-1994,'OJP',-.6,1175.0,12-NOV-1998,'CPI'"
"'SSA-OJP-FLXTR','9TF04-SPR01',09-JUN-1994,'OJP',-.6,-999.0,12-NOV-1998,'CPI'"
"'SSA-OJP-FLXTR','9TF04-SPR01',09-JUN-1994,'OJP',-.5,1526.0,12-NOV-1998,'CPI'"
"'SSA-OJP-FLXTR','9TF04-SPR01',09-JUN-1994,'OJP',-3.4,574.0,12-NOV-1998,'CPI'"
"'SSA-OJP-FLXTR','9TF04-SPR01',09-JUN-1994,'OJP',-3.0,-999.0,12-NOV-1998,'CPI'"
"'SSA-OJP-FLXTR','9TF04-SPR01',09-JUN-1994,'OJP',-2.5,1143.0,12-NOV-1998,'CPI'"
"'SSA-OJP-FLXTR','9TF04-SPR01',09-JUN-1994,'OJP',-2.0,1335.0,12-NOV-1998,'CPI'"
"'SSA-OJP-FLXTR','9TF04-SPR01',09-JUN-1994,'OJP',-1.2,1703.0,12-NOV-1998,'CPI'"
"'SSA-OJP-FLXTR','9TF04-SPR01',09-JUN-1994,'OJP',-1.0,1381.0,12-NOV-1998,'CPI'"
"'SSA-OJP-FLXTR','9TF04-SPR01',09-JUN-1994,'OJP',-.5,-999.0,12-NOV-1998,'CPI'"
"'SSA-OJP-FLXTR','9TF04-SPR01',15-JUN-1994,'OJP',0.0,-999.0,12-NOV-1998,'CPI'"
"'SSA-OJP-FLXTR','9TF04-SPR01',15-JUN-1994,'OJP',-.5,-999.0,12-NOV-1998,'CPI'"
"'SSA-OJP-FLXTR','9TF04-SPR01',15-JUN-1994,'OJP',-.4,1432.0,12-NOV-1998,'CPI'"
"'SSA-OJP-FLXTR','9TF04-SPR01',15-JUN-1994,'OJP',-.4,-999.0,12-NOV-1998,'CPI'"
"'SSA-OJP-FLXTR','9TF04-SPR01',15-JUN-1994,'OJP',-.3,1368.0,12-NOV-1998,'CPI'"
"'SSA-OJP-FLXTR','9TF04-SPR01',15-JUN-1994,'OJP',-.3,542.0,12-NOV-1998,'CPI'"
"'SSA-OJP-FLXTR','9TF04-SPR01',15-JUN-1994,'OJP',-.2,1171.0,12-NOV-1998,'CPI'"
"'SSA-OJP-FLXTR','9TF04-SPR01',15-JUN-1994,'OJP',-.2,1252.0,12-NOV-1998,'CPI'"
"'SSA-OJP-FLXTR','9TF04-SPR01',15-JUN-1994,'OJP',-.1,892.0,12-NOV-1998,'CPI'"
"'SSA-OJP-FLXTR','9TF04-SPR01',15-JUN-1994,'OJP',-1.0,-999.0,12-NOV-1998,'CPI'"
"'SSA-OJP-FLXTR','9TF04-SPR01',15-JUN-1994,'OJP',-.9,-999.0,12-NOV-1998,'CPI'"
"'SSA-OJP-FLXTR','9TF04-SPR01',15-JUN-1994,'OJP',-.8,1368.0,12-NOV-1998,'CPI'"
"'SSA-OJP-FLXTR','9TF04-SPR01',15-JUN-1994,'OJP',-.7,-999.0,12-NOV-1998,'CPI'"
"'SSA-OJP-FLXTR','9TF04-SPR01',15-JUN-1994,'OJP',-.7,-999.0,12-NOV-1998,'CPI'"
"'SSA-OJP-FLXTR','9TF04-SPR01',15-JUN-1994,'OJP',-.6,1354.0,12-NOV-1998,'CPI'"
"'SSA-OJP-FLXTR','9TF04-SPR01',15-JUN-1994,'OJP',-.6,-999.0,12-NOV-1998,'CPI'"
"'SSA-OJP-FLXTR','9TF04-SPR01',15-JUN-1994,'OJP',-.5,1358.0,12-NOV-1998,'CPI'"
"'SSA-OJP-FLXTR','9TF04-SPR01',15-JUN-1994,'OJP',-3.4,-999.0,12-NOV-1998,'CPI'"
"'SSA-OJP-FLXTR','9TF04-SPR01',15-JUN-1994,'OJP',-3.0,-999.0,12-NOV-1998,'CPI'"
"'SSA-OJP-FLXTR','9TF04-SPR01',15-JUN-1994,'OJP',-2.5,-999.0,12-NOV-1998,'CPI'"
"'SSA-OJP-FLXTR','9TF04-SPR01',15-JUN-1994,'OJP',-2.0,-999.0,12-NOV-1998,'CPI'"
"'SSA-OJP-FLXTR','9TF04-SPR01',15-JUN-1994,'OJP',-1.2,-999.0,12-NOV-1998,'CPI'"
"'SSA-OJP-FLXTR','9TF04-SPR01',15-JUN-1994,'OJP',-1.0,1376.0,12-NOV-1998,'CPI'"
"'SSA-OJP-FLXTR','9TF04-SPR01',15-JUN-1994,'OJP',-.1,606.0,12-NOV-1998,'CPI'"
"'SSA-OJP-FLXTR','9TF04-SPR01',29-JUN-1994,'OJP',0.0,-999.0,12-NOV-1998,'CPI'"
"'SSA-OJP-FLXTR','9TF04-SPR01',29-JUN-1994,'OJP',-3.4,760.0,12-NOV-1998,'CPI'"
"'SSA-OJP-FLXTR','9TF04-SPR01',29-JUN-1994,'OJP',-3.0,-999.0,12-NOV-1998,'CPI'"
"'SSA-OJP-FLXTR','9TF04-SPR01',29-JUN-1994,'OJP',-2.5,1496.0,12-NOV-1998,'CPI'"
"'SSA-OJP-FLXTR','9TF04-SPR01',29-JUN-1994,'OJP',-2.0,1684.0,12-NOV-1998,'CPI'"
"'SSA-OJP-FLXTR','9TF04-SPR01',29-JUN-1994,'OJP',-1.2,2210.0,12-NOV-1998,'CPI'"
"'SSA-OJP-FLXTR','9TF04-SPR01',29-JUN-1994,'OJP',-1.0,1954.0,12-NOV-1998,'CPI'"
"'SSA-OJP-FLXTR','9TF04-SPR01',29-JUN-1994,'OJP',-.5,-999.0,12-NOV-1998,'CPI'"
"'SSA-OJP-FLXTR','9TF04-SPR01',29-JUN-1994,'OJP',-.4,1885.0,12-NOV-1998,'CPI'"
"'SSA-OJP-FLXTR','9TF04-SPR01',29-JUN-1994,'OJP',-.4,-999.0,12-NOV-1998,'CPI'"
"'SSA-OJP-FLXTR','9TF04-SPR01',29-JUN-1994,'OJP',-.3,1806.0,12-NOV-1998,'CPI'"
"'SSA-OJP-FLXTR','9TF04-SPR01',29-JUN-1994,'OJP',-.3,1736.0,12-NOV-1998,'CPI'"
"'SSA-OJP-FLXTR','9TF04-SPR01',29-JUN-1994,'OJP',-.2,1678.0,12-NOV-1998,'CPI'"
"'SSA-OJP-FLXTR','9TF04-SPR01',29-JUN-1994,'OJP',-.2,1578.0,12-NOV-1998,'CPI'"
"'SSA-OJP-FLXTR','9TF04-SPR01',29-JUN-1994,'OJP',-.1,1392.0,12-NOV-1998,'CPI'"
"'SSA-OJP-FLXTR','9TF04-SPR01',29-JUN-1994,'OJP',-1.0,-999.0,12-NOV-1998,'CPI'"
"'SSA-OJP-FLXTR','9TF04-SPR01',29-JUN-1994,'OJP',-.9,2461.0,12-NOV-1998,'CPI'"
"'SSA-OJP-FLXTR','9TF04-SPR01',29-JUN-1994,'OJP',-.8,1905.0,12-NOV-1998,'CPI'"
"'SSA-OJP-FLXTR','9TF04-SPR01',29-JUN-1994,'OJP',-.7,-999.0,12-NOV-1998,'CPI'"
"'SSA-OJP-FLXTR','9TF04-SPR01',29-JUN-1994,'OJP',-.7,-999.0,12-NOV-1998,'CPI'"
"'SSA-OJP-FLXTR','9TF04-SPR01',29-JUN-1994,'OJP',-.6,1823.0,12-NOV-1998,'CPI'"
"'SSA-OJP-FLXTR','9TF04-SPR01',29-JUN-1994,'OJP',-.6,-999.0,12-NOV-1998,'CPI'"
"'SSA-OJP-FLXTR','9TF04-SPR01',29-JUN-1994,'OJP',-.5,1885.0,12-NOV-1998,'CPI'"
"'SSA-OJP-FLXTR','9TF04-SPR01',29-JUN-1994,'OJP',-.1,1086.0,12-NOV-1998,'CPI'"
"'SSA-OJP-FLXTR','9TF04-SPR01',07-JUL-1994,'OJP',0.0,-999.0,12-NOV-1998,'CPI'"
"'SSA-OJP-FLXTR','9TF04-SPR01',07-JUL-1994,'OJP',-.1,-999.0,12-NOV-1998,'CPI'"
"'SSA-OJP-FLXTR','9TF04-SPR01',07-JUL-1994,'OJP',-.1,-999.0,12-NOV-1998,'CPI'"
"'SSA-OJP-FLXTR','9TF04-SPR01',07-JUL-1994,'OJP',-.2,-999.0,12-NOV-1998,'CPI'"
"'SSA-OJP-FLXTR','9TF04-SPR01',07-JUL-1994,'OJP',-.2,-999.0,12-NOV-1998,'CPI'"
"'SSA-OJP-FLXTR','9TF04-SPR01',07-JUL-1994,'OJP',-.3,-999.0,12-NOV-1998,'CPI'"
"'SSA-OJP-FLXTR','9TF04-SPR01',07-JUL-1994,'OJP',-.3,-999.0,12-NOV-1998,'CPI'"
"'SSA-OJP-FLXTR','9TF04-SPR01',07-JUL-1994,'OJP',-.4,-999.0,12-NOV-1998,'CPI'"
"'SSA-OJP-FLXTR','9TF04-SPR01',07-JUL-1994,'OJP',-.4,-999.0,12-NOV-1998,'CPI'"
"'SSA-OJP-FLXTR','9TF04-SPR01',07-JUL-1994,'OJP',-.5,-999.0,12-NOV-1998,'CPI'"
"'SSA-OJP-FLXTR','9TF04-SPR01',07-JUL-1994,'OJP',-.5,-999.0,12-NOV-1998,'CPI'"
"'SSA-OJP-FLXTR','9TF04-SPR01',07-JUL-1994,'OJP',-.6,-999.0,12-NOV-1998,'CPI'"
"'SSA-OJP-FLXTR','9TF04-SPR01',07-JUL-1994,'OJP',-.6,-999.0,12-NOV-1998,'CPI'"
"'SSA-OJP-FLXTR','9TF04-SPR01',07-JUL-1994,'OJP',-.7,-999.0,12-NOV-1998,'CPI'"
"'SSA-OJP-FLXTR','9TF04-SPR01',07-JUL-1994,'OJP',-.7,-999.0,12-NOV-1998,'CPI'"
"'SSA-OJP-FLXTR','9TF04-SPR01',07-JUL-1994,'OJP',-.8,-999.0,12-NOV-1998,'CPI'"
"'SSA-OJP-FLXTR','9TF04-SPR01',07-JUL-1994,'OJP',-.9,2967.0,12-NOV-1998,'CPI'"
"'SSA-OJP-FLXTR','9TF04-SPR01',07-JUL-1994,'OJP',-1.0,-999.0,12-NOV-1998,'CPI'"
"'SSA-OJP-FLXTR','9TF04-SPR01',07-JUL-1994,'OJP',-1.0,-999.0,12-NOV-1998,'CPI'"
"'SSA-OJP-FLXTR','9TF04-SPR01',07-JUL-1994,'OJP',-1.2,2720.0,12-NOV-1998,'CPI'"
"'SSA-OJP-FLXTR','9TF04-SPR01',07-JUL-1994,'OJP',-2.0,1976.0,12-NOV-1998,'CPI'"
"'SSA-OJP-FLXTR','9TF04-SPR01',07-JUL-1994,'OJP',-2.5,1760.0,12-NOV-1998,'CPI'"
"'SSA-OJP-FLXTR','9TF04-SPR01',07-JUL-1994,'OJP',-3.0,-999.0,12-NOV-1998,'CPI'"
"'SSA-OJP-FLXTR','9TF04-SPR01',07-JUL-1994,'OJP',-3.4,898.0,12-NOV-1998,'CPI'"
"'SSA-OJP-FLXTR','9TF04-SPR01',08-JUL-1994,'OJP',0.0,-999.0,12-NOV-1998,'CPI'"
"'SSA-OJP-FLXTR','9TF04-SPR01',08-JUL-1994,'OJP',-.1,1242.0,12-NOV-1998,'CPI'"
"'SSA-OJP-FLXTR','9TF04-SPR01',08-JUL-1994,'OJP',-.1,1621.0,12-NOV-1998,'CPI'"
"'SSA-OJP-FLXTR','9TF04-SPR01',08-JUL-1994,'OJP',-.2,1801.0,12-NOV-1998,'CPI'"
"'SSA-OJP-FLXTR','9TF04-SPR01',08-JUL-1994,'OJP',-.2,1727.0,12-NOV-1998,'CPI'"
"'SSA-OJP-FLXTR','9TF04-SPR01',08-JUL-1994,'OJP',-.3,1670.0,12-NOV-1998,'CPI'"
"'SSA-OJP-FLXTR','9TF04-SPR01',08-JUL-1994,'OJP',-.3,1923.0,12-NOV-1998,'CPI'"
"'SSA-OJP-FLXTR','9TF04-SPR01',08-JUL-1994,'OJP',-.4,-999.0,12-NOV-1998,'CPI'"
"'SSA-OJP-FLXTR','9TF04-SPR01',08-JUL-1994,'OJP',-.4,2272.0,12-NOV-1998,'CPI'"
"'SSA-OJP-FLXTR','9TF04-SPR01',08-JUL-1994,'OJP',-.5,-999.0,12-NOV-1998,'CPI'"
"'SSA-OJP-FLXTR','9TF04-SPR01',08-JUL-1994,'OJP',-.5,2257.0,12-NOV-1998,'CPI'"
"'SSA-OJP-FLXTR','9TF04-SPR01',08-JUL-1994,'OJP',-.6,-999.0,12-NOV-1998,'CPI'"
"'SSA-OJP-FLXTR','9TF04-SPR01',08-JUL-1994,'OJP',-.6,2192.0,12-NOV-1998,'CPI'"
"'SSA-OJP-FLXTR','9TF04-SPR01',08-JUL-1994,'OJP',-.7,-999.0,12-NOV-1998,'CPI'"
"'SSA-OJP-FLXTR','9TF04-SPR01',08-JUL-1994,'OJP',-.7,-999.0,12-NOV-1998,'CPI'"
"'SSA-OJP-FLXTR','9TF04-SPR01',08-JUL-1994,'OJP',-.8,2319.0,12-NOV-1998,'CPI'"
"'SSA-OJP-FLXTR','9TF04-SPR01',08-JUL-1994,'OJP',-.9,-999.0,12-NOV-1998,'CPI'"
"'SSA-OJP-FLXTR','9TF04-SPR01',08-JUL-1994,'OJP',-1.0,-999.0,12-NOV-1998,'CPI'"
"'SSA-OJP-FLXTR','9TF04-SPR01',08-JUL-1994,'OJP',-1.0,2380.0,12-NOV-1998,'CPI'"
"'SSA-OJP-FLXTR','9TF04-SPR01',08-JUL-1994,'OJP',-1.2,-999.0,12-NOV-1998,'CPI'"
"'SSA-OJP-FLXTR','9TF04-SPR01',08-JUL-1994,'OJP',-2.0,-999.0,12-NOV-1998,'CPI'"
"'SSA-OJP-FLXTR','9TF04-SPR01',08-JUL-1994,'OJP',-2.5,-999.0,12-NOV-1998,'CPI'"
"'SSA-OJP-FLXTR','9TF04-SPR01',08-JUL-1994,'OJP',-3.0,-999.0,12-NOV-1998,'CPI'"
"'SSA-OJP-FLXTR','9TF04-SPR01',08-JUL-1994,'OJP',-3.4,-999.0,12-NOV-1998,'CPI'"
"'SSA-OJP-FLXTR','9TF04-SPR01',22-JUL-1994,'OJP',0.0,-999.0,12-NOV-1998,'CPI'"
"'SSA-OJP-FLXTR','9TF04-SPR01',22-JUL-1994,'OJP',-.1,1524.0,12-NOV-1998,'CPI'"
"'SSA-OJP-FLXTR','9TF04-SPR01',22-JUL-1994,'OJP',-.1,2012.0,12-NOV-1998,'CPI'"
"'SSA-OJP-FLXTR','9TF04-SPR01',22-JUL-1994,'OJP',-.2,2562.0,12-NOV-1998,'CPI'"
"'SSA-OJP-FLXTR','9TF04-SPR01',22-JUL-1994,'OJP',-.3,2840.0,12-NOV-1998,'CPI'"
"'SSA-OJP-FLXTR','9TF04-SPR01',22-JUL-1994,'OJP',-.3,-999.0,12-NOV-1998,'CPI'"
"'SSA-OJP-FLXTR','9TF04-SPR01',22-JUL-1994,'OJP',-.8,2988.0,12-NOV-1998,'CPI'"
"'SSA-OJP-FLXTR','9TF04-SPR01',22-JUL-1994,'OJP',-.7,-999.0,12-NOV-1998,'CPI'"
"'SSA-OJP-FLXTR','9TF04-SPR01',22-JUL-1994,'OJP',-.7,-999.0,12-NOV-1998,'CPI'"
"'SSA-OJP-FLXTR','9TF04-SPR01',22-JUL-1994,'OJP',-.6,2840.0,12-NOV-1998,'CPI'"
"'SSA-OJP-FLXTR','9TF04-SPR01',22-JUL-1994,'OJP',-.6,-999.0,12-NOV-1998,'CPI'"
"'SSA-OJP-FLXTR','9TF04-SPR01',22-JUL-1994,'OJP',-.5,2990.0,12-NOV-1998,'CPI'"
"'SSA-OJP-FLXTR','9TF04-SPR01',22-JUL-1994,'OJP',-.5,-999.0,12-NOV-1998,'CPI'"
"'SSA-OJP-FLXTR','9TF04-SPR01',22-JUL-1994,'OJP',-.4,3010.0,12-NOV-1998,'CPI'"
"'SSA-OJP-FLXTR','9TF04-SPR01',22-JUL-1994,'OJP',-3.4,-999.0,12-NOV-1998,'CPI'"
"'SSA-OJP-FLXTR','9TF04-SPR01',22-JUL-1994,'OJP',-3.0,-999.0,12-NOV-1998,'CPI'"
"'SSA-OJP-FLXTR','9TF04-SPR01',22-JUL-1994,'OJP',-2.5,2102.0,12-NOV-1998,'CPI'"
"'SSA-OJP-FLXTR','9TF04-SPR01',22-JUL-1994,'OJP',-2.0,2378.0,12-NOV-1998,'CPI'"
"'SSA-OJP-FLXTR','9TF04-SPR01',22-JUL-1994,'OJP',-1.2,3296.0,12-NOV-1998,'CPI'"
"'SSA-OJP-FLXTR','9TF04-SPR01',22-JUL-1994,'OJP',-1.0,3017.0,12-NOV-1998,'CPI'"
"'SSA-OJP-FLXTR','9TF04-SPR01',22-JUL-1994,'OJP',-1.0,-999.0,12-NOV-1998,'CPI'"
"'SSA-OJP-FLXTR','9TF04-SPR01',22-JUL-1994,'OJP',-.9,3614.0,12-NOV-1998,'CPI'"
"'SSA-OJP-FLXTR','9TF04-SPR01',22-JUL-1994,'OJP',-.4,-999.0,12-NOV-1998,'CPI'"
"'SSA-OJP-FLXTR','9TF04-SPR01',22-JUL-1994,'OJP',-.2,2345.0,12-NOV-1998,'CPI'"
"'SSA-OJP-FLXTR','9TF04-SPR01',10-AUG-1994,'OJP',0.0,-999.0,12-NOV-1998,'CPI'"
"'SSA-OJP-FLXTR','9TF04-SPR01',10-AUG-1994,'OJP',-.1,1068.0,12-NOV-1998,'CPI'"
"'SSA-OJP-FLXTR','9TF04-SPR01',10-AUG-1994,'OJP',-.2,1369.0,12-NOV-1998,'CPI'"
"'SSA-OJP-FLXTR','9TF04-SPR01',10-AUG-1994,'OJP',-.3,1587.0,12-NOV-1998,'CPI'"
"'SSA-OJP-FLXTR','9TF04-SPR01',10-AUG-1994,'OJP',-.4,1748.0,12-NOV-1998,'CPI'"
"'SSA-OJP-FLXTR','9TF04-SPR01',10-AUG-1994,'OJP',-.4,-999.0,12-NOV-1998,'CPI'"
"'SSA-OJP-FLXTR','9TF04-SPR01',10-AUG-1994,'OJP',-1.0,-999.0,12-NOV-1998,'CPI'"
"'SSA-OJP-FLXTR','9TF04-SPR01',10-AUG-1994,'OJP',-.9,2012.0,12-NOV-1998,'CPI'"
"'SSA-OJP-FLXTR','9TF04-SPR01',10-AUG-1994,'OJP',-.8,2063.0,12-NOV-1998,'CPI'"
"'SSA-OJP-FLXTR','9TF04-SPR01',10-AUG-1994,'OJP',-.7,-999.0,12-NOV-1998,'CPI'"
"'SSA-OJP-FLXTR','9TF04-SPR01',10-AUG-1994,'OJP',-.7,-999.0,12-NOV-1998,'CPI'"
"'SSA-OJP-FLXTR','9TF04-SPR01',10-AUG-1994,'OJP',-.6,1892.0,12-NOV-1998,'CPI'"
"'SSA-OJP-FLXTR','9TF04-SPR01',10-AUG-1994,'OJP',-.6,-999.0,12-NOV-1998,'CPI'"
"'SSA-OJP-FLXTR','9TF04-SPR01',10-AUG-1994,'OJP',-.5,1810.0,12-NOV-1998,'CPI'"
"'SSA-OJP-FLXTR','9TF04-SPR01',10-AUG-1994,'OJP',-3.4,-999.0,12-NOV-1998,'CPI'"
"'SSA-OJP-FLXTR','9TF04-SPR01',10-AUG-1994,'OJP',-3.0,-999.0,12-NOV-1998,'CPI'"
"'SSA-OJP-FLXTR','9TF04-SPR01',10-AUG-1994,'OJP',-2.5,2457.0,12-NOV-1998,'CPI'"
"'SSA-OJP-FLXTR','9TF04-SPR01',10-AUG-1994,'OJP',-2.0,2364.0,12-NOV-1998,'CPI'"
"'SSA-OJP-FLXTR','9TF04-SPR01',10-AUG-1994,'OJP',-1.2,2079.0,12-NOV-1998,'CPI'"
"'SSA-OJP-FLXTR','9TF04-SPR01',10-AUG-1994,'OJP',-1.0,2340.0,12-NOV-1998,'CPI'"
"'SSA-OJP-FLXTR','9TF04-SPR01',10-AUG-1994,'OJP',-.5,-999.0,12-NOV-1998,'CPI'"
"'SSA-OJP-FLXTR','9TF04-SPR01',10-AUG-1994,'OJP',-.3,-999.0,12-NOV-1998,'CPI'"
"'SSA-OJP-FLXTR','9TF04-SPR01',10-AUG-1994,'OJP',-.2,1229.0,12-NOV-1998,'CPI'"
"'SSA-OJP-FLXTR','9TF04-SPR01',10-AUG-1994,'OJP',-.1,775.0,12-NOV-1998,'CPI'"
"'SSA-OJP-FLXTR','9TF04-SPR01',14-AUG-1994,'OJP',0.0,-999.0,12-NOV-1998,'CPI'"
"'SSA-OJP-FLXTR','9TF04-SPR01',14-AUG-1994,'OJP',-.1,804.0,12-NOV-1998,'CPI'"
"'SSA-OJP-FLXTR','9TF04-SPR01',14-AUG-1994,'OJP',-.2,1241.0,12-NOV-1998,'CPI'"
"'SSA-OJP-FLXTR','9TF04-SPR01',14-AUG-1994,'OJP',-.3,-999.0,12-NOV-1998,'CPI'"
"'SSA-OJP-FLXTR','9TF04-SPR01',14-AUG-1994,'OJP',-.4,-999.0,12-NOV-1998,'CPI'"
"'SSA-OJP-FLXTR','9TF04-SPR01',14-AUG-1994,'OJP',-.5,-999.0,12-NOV-1998,'CPI'"
"'SSA-OJP-FLXTR','9TF04-SPR01',14-AUG-1994,'OJP',-.4,1667.0,12-NOV-1998,'CPI'"
"'SSA-OJP-FLXTR','9TF04-SPR01',14-AUG-1994,'OJP',-1.0,2242.0,12-NOV-1998,'CPI'"
"'SSA-OJP-FLXTR','9TF04-SPR01',14-AUG-1994,'OJP',-1.0,-999.0,12-NOV-1998,'CPI'"
"'SSA-OJP-FLXTR','9TF04-SPR01',14-AUG-1994,'OJP',-.9,1965.0,12-NOV-1998,'CPI'"
"'SSA-OJP-FLXTR','9TF04-SPR01',14-AUG-1994,'OJP',-.8,1962.0,12-NOV-1998,'CPI'"
"'SSA-OJP-FLXTR','9TF04-SPR01',14-AUG-1994,'OJP',-.7,-999.0,12-NOV-1998,'CPI'"
"'SSA-OJP-FLXTR','9TF04-SPR01',14-AUG-1994,'OJP',-.7,-999.0,12-NOV-1998,'CPI'"
"'SSA-OJP-FLXTR','9TF04-SPR01',14-AUG-1994,'OJP',-.6,1802.0,12-NOV-1998,'CPI'"
"'SSA-OJP-FLXTR','9TF04-SPR01',14-AUG-1994,'OJP',-.6,-999.0,12-NOV-1998,'CPI'"
"'SSA-OJP-FLXTR','9TF04-SPR01',14-AUG-1994,'OJP',-3.4,-999.0,12-NOV-1998,'CPI'"
"'SSA-OJP-FLXTR','9TF04-SPR01',14-AUG-1994,'OJP',-3.0,-999.0,12-NOV-1998,'CPI'"
"'SSA-OJP-FLXTR','9TF04-SPR01',14-AUG-1994,'OJP',-2.5,2382.0,12-NOV-1998,'CPI'"
"'SSA-OJP-FLXTR','9TF04-SPR01',14-AUG-1994,'OJP',-2.0,2300.0,12-NOV-1998,'CPI'"
"'SSA-OJP-FLXTR','9TF04-SPR01',14-AUG-1994,'OJP',-1.2,2043.0,12-NOV-1998,'CPI'"
"'SSA-OJP-FLXTR','9TF04-SPR01',14-AUG-1994,'OJP',-.5,1717.0,12-NOV-1998,'CPI'"
"'SSA-OJP-FLXTR','9TF04-SPR01',14-AUG-1994,'OJP',-.3,1526.0,12-NOV-1998,'CPI'"
"'SSA-OJP-FLXTR','9TF04-SPR01',14-AUG-1994,'OJP',-.2,1306.0,12-NOV-1998,'CPI'"
"'SSA-OJP-FLXTR','9TF04-SPR01',14-AUG-1994,'OJP',-.1,1087.0,12-NOV-1998,'CPI'"
"'SSA-OJP-FLXTR','9TF04-SPR01',19-AUG-1994,'OJP',0.0,-999.0,12-NOV-1998,'CPI'"
"'SSA-OJP-FLXTR','9TF04-SPR01',19-AUG-1994,'OJP',-.1,910.0,12-NOV-1998,'CPI'"
"'SSA-OJP-FLXTR','9TF04-SPR01',19-AUG-1994,'OJP',-.1,1195.0,12-NOV-1998,'CPI'"
"'SSA-OJP-FLXTR','9TF04-SPR01',19-AUG-1994,'OJP',-.2,1467.0,12-NOV-1998,'CPI'"
"'SSA-OJP-FLXTR','9TF04-SPR01',19-AUG-1994,'OJP',-.3,1653.0,12-NOV-1998,'CPI'"
"'SSA-OJP-FLXTR','9TF04-SPR01',19-AUG-1994,'OJP',-.4,1794.0,12-NOV-1998,'CPI'"
"'SSA-OJP-FLXTR','9TF04-SPR01',19-AUG-1994,'OJP',-.5,1824.0,12-NOV-1998,'CPI'"
"'SSA-OJP-FLXTR','9TF04-SPR01',19-AUG-1994,'OJP',-.5,-999.0,12-NOV-1998,'CPI'"
"'SSA-OJP-FLXTR','9TF04-SPR01',19-AUG-1994,'OJP',-3.4,-999.0,12-NOV-1998,'CPI'"
"'SSA-OJP-FLXTR','9TF04-SPR01',19-AUG-1994,'OJP',-3.0,-999.0,12-NOV-1998,'CPI'"
"'SSA-OJP-FLXTR','9TF04-SPR01',19-AUG-1994,'OJP',-2.5,2313.0,12-NOV-1998,'CPI'"
"'SSA-OJP-FLXTR','9TF04-SPR01',19-AUG-1994,'OJP',-2.0,2255.0,12-NOV-1998,'CPI'"
"'SSA-OJP-FLXTR','9TF04-SPR01',19-AUG-1994,'OJP',-1.2,2120.0,12-NOV-1998,'CPI'"
"'SSA-OJP-FLXTR','9TF04-SPR01',19-AUG-1994,'OJP',-1.0,2194.0,12-NOV-1998,'CPI'"
"'SSA-OJP-FLXTR','9TF04-SPR01',19-AUG-1994,'OJP',-1.0,-999.0,12-NOV-1998,'CPI'"
"'SSA-OJP-FLXTR','9TF04-SPR01',19-AUG-1994,'OJP',-.9,2119.0,12-NOV-1998,'CPI'"
"'SSA-OJP-FLXTR','9TF04-SPR01',19-AUG-1994,'OJP',-.8,1996.0,12-NOV-1998,'CPI'"
"'SSA-OJP-FLXTR','9TF04-SPR01',19-AUG-1994,'OJP',-.7,-999.0,12-NOV-1998,'CPI'"
"'SSA-OJP-FLXTR','9TF04-SPR01',19-AUG-1994,'OJP',-.7,-999.0,12-NOV-1998,'CPI'"
"'SSA-OJP-FLXTR','9TF04-SPR01',19-AUG-1994,'OJP',-.6,1856.0,12-NOV-1998,'CPI'"
"'SSA-OJP-FLXTR','9TF04-SPR01',19-AUG-1994,'OJP',-.6,-999.0,12-NOV-1998,'CPI'"
"'SSA-OJP-FLXTR','9TF04-SPR01',19-AUG-1994,'OJP',-.4,-999.0,12-NOV-1998,'CPI'"
"'SSA-OJP-FLXTR','9TF04-SPR01',19-AUG-1994,'OJP',-.3,-999.0,12-NOV-1998,'CPI'"
"'SSA-OJP-FLXTR','9TF04-SPR01',19-AUG-1994,'OJP',-.2,1352.0,12-NOV-1998,'CPI'"
"'SSA-OJP-FLXTR','9TF04-SPR01',09-SEP-1994,'OJP',0.0,-999.0,12-NOV-1998,'CPI'"
"'SSA-OJP-FLXTR','9TF04-SPR01',09-SEP-1994,'OJP',0.0,500.0,12-NOV-1998,'CPI'"
"'SSA-OJP-FLXTR','9TF04-SPR01',09-SEP-1994,'OJP',0.0,607.0,12-NOV-1998,'CPI'"
"'SSA-OJP-FLXTR','9TF04-SPR01',09-SEP-1994,'OJP',0.0,642.0,12-NOV-1998,'CPI'"
"'SSA-OJP-FLXTR','9TF04-SPR01',09-SEP-1994,'OJP',0.0,490.0,12-NOV-1998,'CPI'"
"'SSA-OJP-FLXTR','9TF04-SPR01',09-SEP-1994,'OJP',-.1,862.0,12-NOV-1998,'CPI'"
"'SSA-OJP-FLXTR','9TF04-SPR01',09-SEP-1994,'OJP',-.1,680.0,12-NOV-1998,'CPI'"
"'SSA-OJP-FLXTR','9TF04-SPR01',09-SEP-1994,'OJP',-.1,718.0,12-NOV-1998,'CPI'"
"'SSA-OJP-FLXTR','9TF04-SPR01',09-SEP-1994,'OJP',-.1,1126.0,12-NOV-1998,'CPI'"
"'SSA-OJP-FLXTR','9TF04-SPR01',09-SEP-1994,'OJP',-.1,757.0,12-NOV-1998,'CPI'"
"'SSA-OJP-FLXTR','9TF04-SPR01',09-SEP-1994,'OJP',-.1,1215.0,12-NOV-1998,'CPI'"
"'SSA-OJP-FLXTR','9TF04-SPR01',09-SEP-1994,'OJP',-.1,970.0,12-NOV-1998,'CPI'"
"'SSA-OJP-FLXTR','9TF04-SPR01',09-SEP-1994,'OJP',-.1,900.0,12-NOV-1998,'CPI'"
"'SSA-OJP-FLXTR','9TF04-SPR01',09-SEP-1994,'OJP',-.1,1441.0,12-NOV-1998,'CPI'"
"'SSA-OJP-FLXTR','9TF04-SPR01',09-SEP-1994,'OJP',-.1,1128.0,12-NOV-1998,'CPI'"
"'SSA-OJP-FLXTR','9TF04-SPR01',09-SEP-1994,'OJP',-.2,1416.0,12-NOV-1998,'CPI'"
"'SSA-OJP-FLXTR','9TF04-SPR01',09-SEP-1994,'OJP',-.2,1155.0,12-NOV-1998,'CPI'"
"'SSA-OJP-FLXTR','9TF04-SPR01',09-SEP-1994,'OJP',-.2,1104.0,12-NOV-1998,'CPI'"
"'SSA-OJP-FLXTR','9TF04-SPR01',09-SEP-1994,'OJP',-.2,1833.0,12-NOV-1998,'CPI'"
"'SSA-OJP-FLXTR','9TF04-SPR01',09-SEP-1994,'OJP',-.2,1417.0,12-NOV-1998,'CPI'"
"'SSA-OJP-FLXTR','9TF04-SPR01',09-SEP-1994,'OJP',-.2,1515.0,12-NOV-1998,'CPI'"
"'SSA-OJP-FLXTR','9TF04-SPR01',09-SEP-1994,'OJP',-.2,1307.0,12-NOV-1998,'CPI'"
"'SSA-OJP-FLXTR','9TF04-SPR01',09-SEP-1994,'OJP',-.2,1274.0,12-NOV-1998,'CPI'"
"'SSA-OJP-FLXTR','9TF04-SPR01',09-SEP-1994,'OJP',-.2,2085.0,12-NOV-1998,'CPI'"
"'SSA-OJP-FLXTR','9TF04-SPR01',09-SEP-1994,'OJP',-.2,1625.0,12-NOV-1998,'CPI'"
"'SSA-OJP-FLXTR','9TF04-SPR01',09-SEP-1994,'OJP',-.3,-999.0,12-NOV-1998,'CPI'"
"'SSA-OJP-FLXTR','9TF04-SPR01',09-SEP-1994,'OJP',-.3,1404.0,12-NOV-1998,'CPI'"
"'SSA-OJP-FLXTR','9TF04-SPR01',09-SEP-1994,'OJP',-.3,1399.0,12-NOV-1998,'CPI'"
"'SSA-OJP-FLXTR','9TF04-SPR01',09-SEP-1994,'OJP',-.3,2268.0,12-NOV-1998,'CPI'"
"'SSA-OJP-FLXTR','9TF04-SPR01',09-SEP-1994,'OJP',-.3,1811.0,12-NOV-1998,'CPI'"
"'SSA-OJP-FLXTR','9TF04-SPR01',09-SEP-1994,'OJP',-.3,1697.0,12-NOV-1998,'CPI'"
"'SSA-OJP-FLXTR','9TF04-SPR01',09-SEP-1994,'OJP',-.3,1468.0,12-NOV-1998,'CPI'"
"'SSA-OJP-FLXTR','9TF04-SPR01',09-SEP-1994,'OJP',-.3,1527.0,12-NOV-1998,'CPI'"
"'SSA-OJP-FLXTR','9TF04-SPR01',09-SEP-1994,'OJP',-.3,2376.0,12-NOV-1998,'CPI'"
"'SSA-OJP-FLXTR','9TF04-SPR01',09-SEP-1994,'OJP',-.3,1918.0,12-NOV-1998,'CPI'"
"'SSA-OJP-FLXTR','9TF04-SPR01',09-SEP-1994,'OJP',-.4,-999.0,12-NOV-1998,'CPI'"
"'SSA-OJP-FLXTR','9TF04-SPR01',09-SEP-1994,'OJP',-.4,1520.0,12-NOV-1998,'CPI'"
"'SSA-OJP-FLXTR','9TF04-SPR01',09-SEP-1994,'OJP',-.4,1602.0,12-NOV-1998,'CPI'"
"'SSA-OJP-FLXTR','9TF04-SPR01',09-SEP-1994,'OJP',-.4,2417.0,12-NOV-1998,'CPI'"
"'SSA-OJP-FLXTR','9TF04-SPR01',09-SEP-1994,'OJP',-.4,2010.0,12-NOV-1998,'CPI'"
"'SSA-OJP-FLXTR','9TF04-SPR01',09-SEP-1994,'OJP',-.4,1825.0,12-NOV-1998,'CPI'"
"'SSA-OJP-FLXTR','9TF04-SPR01',09-SEP-1994,'OJP',-.4,1568.0,12-NOV-1998,'CPI'"
"'SSA-OJP-FLXTR','9TF04-SPR01',09-SEP-1994,'OJP',-.4,1685.0,12-NOV-1998,'CPI'"
"'SSA-OJP-FLXTR','9TF04-SPR01',09-SEP-1994,'OJP',-.4,2432.0,12-NOV-1998,'CPI'"
"'SSA-OJP-FLXTR','9TF04-SPR01',09-SEP-1994,'OJP',-.4,2038.0,12-NOV-1998,'CPI'"
"'SSA-OJP-FLXTR','9TF04-SPR01',09-SEP-1994,'OJP',-.5,-999.0,12-NOV-1998,'CPI'"
"'SSA-OJP-FLXTR','9TF04-SPR01',09-SEP-1994,'OJP',-.5,1622.0,12-NOV-1998,'CPI'"
"'SSA-OJP-FLXTR','9TF04-SPR01',09-SEP-1994,'OJP',-.5,1760.0,12-NOV-1998,'CPI'"
"'SSA-OJP-FLXTR','9TF04-SPR01',09-SEP-1994,'OJP',-.5,2437.0,12-NOV-1998,'CPI'"
"'SSA-OJP-FLXTR','9TF04-SPR01',09-SEP-1994,'OJP',-.5,2078.0,12-NOV-1998,'CPI'"
"'SSA-OJP-FLXTR','9TF04-SPR01',09-SEP-1994,'OJP',-.5,1836.0,12-NOV-1998,'CPI'"
"'SSA-OJP-FLXTR','9TF04-SPR01',09-SEP-1994,'OJP',-.5,1677.0,12-NOV-1998,'CPI'"
"'SSA-OJP-FLXTR','9TF04-SPR01',09-SEP-1994,'OJP',-.5,1804.0,12-NOV-1998,'CPI'"
"'SSA-OJP-FLXTR','9TF04-SPR01',09-SEP-1994,'OJP',-.5,2433.0,12-NOV-1998,'CPI'"
"'SSA-OJP-FLXTR','9TF04-SPR01',09-SEP-1994,'OJP',-.5,2112.0,12-NOV-1998,'CPI'"
"'SSA-OJP-FLXTR','9TF04-SPR01',09-SEP-1994,'OJP',-.6,-999.0,12-NOV-1998,'CPI'"
"'SSA-OJP-FLXTR','9TF04-SPR01',09-SEP-1994,'OJP',-.6,1718.0,12-NOV-1998,'CPI'"
"'SSA-OJP-FLXTR','9TF04-SPR01',09-SEP-1994,'OJP',-.6,1854.0,12-NOV-1998,'CPI'"
"'SSA-OJP-FLXTR','9TF04-SPR01',09-SEP-1994,'OJP',-.6,-999.0,12-NOV-1998,'CPI'"
"'SSA-OJP-FLXTR','9TF04-SPR01',09-SEP-1994,'OJP',-.6,-999.0,12-NOV-1998,'CPI'"
"'SSA-OJP-FLXTR','9TF04-SPR01',09-SEP-1994,'OJP',-.6,1813.0,12-NOV-1998,'CPI'"
"'SSA-OJP-FLXTR','9TF04-SPR01',09-SEP-1994,'OJP',-.6,1750.0,12-NOV-1998,'CPI'"
"'SSA-OJP-FLXTR','9TF04-SPR01',09-SEP-1994,'OJP',-.6,1895.0,12-NOV-1998,'CPI'"
"'SSA-OJP-FLXTR','9TF04-SPR01',09-SEP-1994,'OJP',-.6,-999.0,12-NOV-1998,'CPI'"
"'SSA-OJP-FLXTR','9TF04-SPR01',09-SEP-1994,'OJP',-.6,-999.0,12-NOV-1998,'CPI'"
"'SSA-OJP-FLXTR','9TF04-SPR01',09-SEP-1994,'OJP',-.7,-999.0,12-NOV-1998,'CPI'"
"'SSA-OJP-FLXTR','9TF04-SPR01',09-SEP-1994,'OJP',-.7,1780.0,12-NOV-1998,'CPI'"
"'SSA-OJP-FLXTR','9TF04-SPR01',09-SEP-1994,'OJP',-.7,1919.0,12-NOV-1998,'CPI'"
"'SSA-OJP-FLXTR','9TF04-SPR01',09-SEP-1994,'OJP',-.7,-999.0,12-NOV-1998,'CPI'"
"'SSA-OJP-FLXTR','9TF04-SPR01',09-SEP-1994,'OJP',-.7,-999.0,12-NOV-1998,'CPI'"
"'SSA-OJP-FLXTR','9TF04-SPR01',09-SEP-1994,'OJP',-.7,-999.0,12-NOV-1998,'CPI'"
"'SSA-OJP-FLXTR','9TF04-SPR01',09-SEP-1994,'OJP',-.7,1801.0,12-NOV-1998,'CPI'"
"'SSA-OJP-FLXTR','9TF04-SPR01',09-SEP-1994,'OJP',-.7,-999.0,12-NOV-1998,'CPI'"
"'SSA-OJP-FLXTR','9TF04-SPR01',09-SEP-1994,'OJP',-.7,-999.0,12-NOV-1998,'CPI'"
"'SSA-OJP-FLXTR','9TF04-SPR01',09-SEP-1994,'OJP',-.7,-999.0,12-NOV-1998,'CPI'"
"'SSA-OJP-FLXTR','9TF04-SPR01',09-SEP-1994,'OJP',-.8,1932.0,12-NOV-1998,'CPI'"
"'SSA-OJP-FLXTR','9TF04-SPR01',09-SEP-1994,'OJP',-.8,-999.0,12-NOV-1998,'CPI'"
"'SSA-OJP-FLXTR','9TF04-SPR01',09-SEP-1994,'OJP',-.8,-999.0,12-NOV-1998,'CPI'"
"'SSA-OJP-FLXTR','9TF04-SPR01',09-SEP-1994,'OJP',-.8,-999.0,12-NOV-1998,'CPI'"
"'SSA-OJP-FLXTR','9TF04-SPR01',09-SEP-1994,'OJP',-.8,-999.0,12-NOV-1998,'CPI'"
"'SSA-OJP-FLXTR','9TF04-SPR01',09-SEP-1994,'OJP',-.9,2205.0,12-NOV-1998,'CPI'"
"'SSA-OJP-FLXTR','9TF04-SPR01',09-SEP-1994,'OJP',-.9,-999.0,12-NOV-1998,'CPI'"
"'SSA-OJP-FLXTR','9TF04-SPR01',09-SEP-1994,'OJP',-.9,-999.0,12-NOV-1998,'CPI'"
"'SSA-OJP-FLXTR','9TF04-SPR01',09-SEP-1994,'OJP',-.9,-999.0,12-NOV-1998,'CPI'"
"'SSA-OJP-FLXTR','9TF04-SPR01',09-SEP-1994,'OJP',-.9,-999.0,12-NOV-1998,'CPI'"
"'SSA-OJP-FLXTR','9TF04-SPR01',09-SEP-1994,'OJP',-1.0,-999.0,12-NOV-1998,'CPI'"
"'SSA-OJP-FLXTR','9TF04-SPR01',09-SEP-1994,'OJP',-1.0,-999.0,12-NOV-1998,'CPI'"
"'SSA-OJP-FLXTR','9TF04-SPR01',09-SEP-1994,'OJP',-1.0,-999.0,12-NOV-1998,'CPI'"
"'SSA-OJP-FLXTR','9TF04-SPR01',09-SEP-1994,'OJP',-1.0,-999.0,12-NOV-1998,'CPI'"
"'SSA-OJP-FLXTR','9TF04-SPR01',09-SEP-1994,'OJP',-1.0,-999.0,12-NOV-1998,'CPI'"
"'SSA-OJP-FLXTR','9TF04-SPR01',09-SEP-1994,'OJP',-1.0,2035.0,12-NOV-1998,'CPI'"
"'SSA-OJP-FLXTR','9TF04-SPR01',09-SEP-1994,'OJP',-1.0,-999.0,12-NOV-1998,'CPI'"
"'SSA-OJP-FLXTR','9TF04-SPR01',09-SEP-1994,'OJP',-1.0,-999.0,12-NOV-1998,'CPI'"
"'SSA-OJP-FLXTR','9TF04-SPR01',09-SEP-1994,'OJP',-1.0,-999.0,12-NOV-1998,'CPI'"
"'SSA-OJP-FLXTR','9TF04-SPR01',09-SEP-1994,'OJP',-1.0,-999.0,12-NOV-1998,'CPI'"
"'SSA-OJP-FLXTR','9TF04-SPR01',09-SEP-1994,'OJP',-1.2,2160.0,12-NOV-1998,'CPI'"
"'SSA-OJP-FLXTR','9TF04-SPR01',09-SEP-1994,'OJP',-1.2,-999.0,12-NOV-1998,'CPI'"
"'SSA-OJP-FLXTR','9TF04-SPR01',09-SEP-1994,'OJP',-1.2,-999.0,12-NOV-1998,'CPI'"
"'SSA-OJP-FLXTR','9TF04-SPR01',09-SEP-1994,'OJP',-1.2,-999.0,12-NOV-1998,'CPI'"
"'SSA-OJP-FLXTR','9TF04-SPR01',09-SEP-1994,'OJP',-1.2,-999.0,12-NOV-1998,'CPI'"
"'SSA-OJP-FLXTR','9TF04-SPR01',09-SEP-1994,'OJP',-2.0,2131.0,12-NOV-1998,'CPI'"
"'SSA-OJP-FLXTR','9TF04-SPR01',09-SEP-1994,'OJP',-2.0,-999.0,12-NOV-1998,'CPI'"
"'SSA-OJP-FLXTR','9TF04-SPR01',09-SEP-1994,'OJP',-2.0,-999.0,12-NOV-1998,'CPI'"
"'SSA-OJP-FLXTR','9TF04-SPR01',09-SEP-1994,'OJP',-2.0,-999.0,12-NOV-1998,'CPI'"
"'SSA-OJP-FLXTR','9TF04-SPR01',09-SEP-1994,'OJP',-2.0,-999.0,12-NOV-1998,'CPI'"
"'SSA-OJP-FLXTR','9TF04-SPR01',09-SEP-1994,'OJP',-2.5,-999.0,12-NOV-1998,'CPI'"
"'SSA-OJP-FLXTR','9TF04-SPR01',09-SEP-1994,'OJP',-2.5,-999.0,12-NOV-1998,'CPI'"
"'SSA-OJP-FLXTR','9TF04-SPR01',09-SEP-1994,'OJP',-2.5,-999.0,12-NOV-1998,'CPI'"
"'SSA-OJP-FLXTR','9TF04-SPR01',09-SEP-1994,'OJP',-2.5,-999.0,12-NOV-1998,'CPI'"
"'SSA-OJP-FLXTR','9TF04-SPR01',09-SEP-1994,'OJP',-2.5,-999.0,12-NOV-1998,'CPI'"
"'SSA-OJP-FLXTR','9TF04-SPR01',09-SEP-1994,'OJP',-3.0,2131.0,12-NOV-1998,'CPI'"
"'SSA-OJP-FLXTR','9TF04-SPR01',09-SEP-1994,'OJP',-3.0,-999.0,12-NOV-1998,'CPI'"
"'SSA-OJP-FLXTR','9TF04-SPR01',09-SEP-1994,'OJP',-3.0,-999.0,12-NOV-1998,'CPI'"
"'SSA-OJP-FLXTR','9TF04-SPR01',09-SEP-1994,'OJP',-3.0,-999.0,12-NOV-1998,'CPI'"
"'SSA-OJP-FLXTR','9TF04-SPR01',09-SEP-1994,'OJP',-3.0,-999.0,12-NOV-1998,'CPI'"
"'SSA-OJP-FLXTR','9TF04-SPR01',09-SEP-1994,'OJP',-3.4,-999.0,12-NOV-1998,'CPI'"
"'SSA-OJP-FLXTR','9TF04-SPR01',09-SEP-1994,'OJP',-3.4,-999.0,12-NOV-1998,'CPI'"
"'SSA-OJP-FLXTR','9TF04-SPR01',09-SEP-1994,'OJP',-3.4,-999.0,12-NOV-1998,'CPI'"
"'SSA-OJP-FLXTR','9TF04-SPR01',09-SEP-1994,'OJP',-3.4,-999.0,12-NOV-1998,'CPI'"
"'SSA-OJP-FLXTR','9TF04-SPR01',09-SEP-1994,'OJP',-3.4,-999.0,12-NOV-1998,'CPI'"
"'SSA-OJP-FLXTR','9TF04-SPR01',18-SEP-1994,'OJP',0.0,-999.0,12-NOV-1998,'CPI'"
"'SSA-OJP-FLXTR','9TF04-SPR01',18-SEP-1994,'OJP',-.1,742.0,12-NOV-1998,'CPI'"
"'SSA-OJP-FLXTR','9TF04-SPR01',18-SEP-1994,'OJP',-.1,985.0,12-NOV-1998,'CPI'"
"'SSA-OJP-FLXTR','9TF04-SPR01',18-SEP-1994,'OJP',-.2,1157.0,12-NOV-1998,'CPI'"
"'SSA-OJP-FLXTR','9TF04-SPR01',18-SEP-1994,'OJP',-.2,1230.0,12-NOV-1998,'CPI'"
"'SSA-OJP-FLXTR','9TF04-SPR01',18-SEP-1994,'OJP',-.3,-999.0,12-NOV-1998,'CPI'"
"'SSA-OJP-FLXTR','9TF04-SPR01',18-SEP-1994,'OJP',-.3,1440.0,12-NOV-1998,'CPI'"
"'SSA-OJP-FLXTR','9TF04-SPR01',18-SEP-1994,'OJP',-.4,-999.0,12-NOV-1998,'CPI'"
"'SSA-OJP-FLXTR','9TF04-SPR01',18-SEP-1994,'OJP',-.4,1585.0,12-NOV-1998,'CPI'"
"'SSA-OJP-FLXTR','9TF04-SPR01',18-SEP-1994,'OJP',-.5,-999.0,12-NOV-1998,'CPI'"
"'SSA-OJP-FLXTR','9TF04-SPR01',18-SEP-1994,'OJP',-.5,1622.0,12-NOV-1998,'CPI'"
"'SSA-OJP-FLXTR','9TF04-SPR01',18-SEP-1994,'OJP',-.6,-999.0,12-NOV-1998,'CPI'"
"'SSA-OJP-FLXTR','9TF04-SPR01',18-SEP-1994,'OJP',-.6,1655.0,12-NOV-1998,'CPI'"
"'SSA-OJP-FLXTR','9TF04-SPR01',18-SEP-1994,'OJP',-.7,-999.0,12-NOV-1998,'CPI'"
"'SSA-OJP-FLXTR','9TF04-SPR01',18-SEP-1994,'OJP',-.7,-999.0,12-NOV-1998,'CPI'"
"'SSA-OJP-FLXTR','9TF04-SPR01',18-SEP-1994,'OJP',-.8,1710.0,12-NOV-1998,'CPI'"
"'SSA-OJP-FLXTR','9TF04-SPR01',18-SEP-1994,'OJP',-.9,1867.0,12-NOV-1998,'CPI'"
"'SSA-OJP-FLXTR','9TF04-SPR01',18-SEP-1994,'OJP',-1.0,-999.0,12-NOV-1998,'CPI'"
"'SSA-OJP-FLXTR','9TF04-SPR01',18-SEP-1994,'OJP',-1.0,1965.0,12-NOV-1998,'CPI'"
"'SSA-OJP-FLXTR','9TF04-SPR01',18-SEP-1994,'OJP',-1.2,1931.0,12-NOV-1998,'CPI'"
"'SSA-OJP-FLXTR','9TF04-SPR01',18-SEP-1994,'OJP',-2.0,21110.0,12-NOV-1998,'CPI'"
"'SSA-OJP-FLXTR','9TF04-SPR01',18-SEP-1994,'OJP',-2.5,-999.0,12-NOV-1998,'CPI'"
"'SSA-OJP-FLXTR','9TF04-SPR01',18-SEP-1994,'OJP',-3.0,2175.0,12-NOV-1998,'CPI'"
"'SSA-OJP-FLXTR','9TF04-SPR01',18-SEP-1994,'OJP',-3.4,-999.0,12-NOV-1998,'CPI'"
"'SSA-OJP-FLXTR','9TF04-SPR01',19-MAR-1995,'OJP',-.1,436.0,12-NOV-1998,'CPI'"
"'SSA-OJP-FLXTR','9TF04-SPR01',19-MAR-1995,'OJP',-.1,486.0,12-NOV-1998,'CPI'"
"'SSA-OJP-FLXTR','9TF04-SPR01',19-MAR-1995,'OJP',-.2,523.0,12-NOV-1998,'CPI'"
"'SSA-OJP-FLXTR','9TF04-SPR01',19-MAR-1995,'OJP',-.3,538.0,12-NOV-1998,'CPI'"
"'SSA-OJP-FLXTR','9TF04-SPR01',19-MAR-1995,'OJP',-.4,546.0,12-NOV-1998,'CPI'"
"'SSA-OJP-FLXTR','9TF04-SPR01',19-MAR-1995,'OJP',-.5,534.0,12-NOV-1998,'CPI'"
"'SSA-OJP-FLXTR','9TF04-SPR01',19-MAR-1995,'OJP',-.6,566.0,12-NOV-1998,'CPI'"
"'SSA-OJP-FLXTR','9TF04-SPR01',19-MAR-1995,'OJP',-.8,559.0,12-NOV-1998,'CPI'"
"'SSA-OJP-FLXTR','9TF04-SPR01',19-MAR-1995,'OJP',-1.0,578.0,12-NOV-1998,'CPI'"
"'SSA-OJP-FLXTR','9TF04-SPR01',19-MAR-1995,'OJP',-2.0,594.0,12-NOV-1998,'CPI'"
"'SSA-OJP-FLXTR','9TF04-SPR01',19-MAR-1995,'OJP',-3.0,589.0,12-NOV-1998,'CPI'"
"'SSA-OJP-FLXTR','9TF04-SPR01',19-MAR-1995,'OJP',-4.0,622.0,12-NOV-1998,'CPI'"
"'SSA-OJP-FLXTR','9TF04-SPR01',19-MAR-1995,'OJP',-5.0,359.0,12-NOV-1998,'CPI'"
"'SSA-OJP-FLXTR','9TF04-SPR01',19-MAR-1995,'OJP',-.2,507.0,12-NOV-1998,'CPI'"
"'SSA-OJP-FLXTR','9TF04-SPR01',20-MAR-1995,'OJP',-.1,499.0,12-NOV-1998,'CPI'"
"'SSA-OJP-FLXTR','9TF04-SPR01',20-MAR-1995,'OJP',-.1,553.0,12-NOV-1998,'CPI'"
"'SSA-OJP-FLXTR','9TF04-SPR01',20-MAR-1995,'OJP',-.2,557.0,12-NOV-1998,'CPI'"
"'SSA-OJP-FLXTR','9TF04-SPR01',20-MAR-1995,'OJP',-.3,620.0,12-NOV-1998,'CPI'"
"'SSA-OJP-FLXTR','9TF04-SPR01',20-MAR-1995,'OJP',-.4,600.0,12-NOV-1998,'CPI'"
"'SSA-OJP-FLXTR','9TF04-SPR01',20-MAR-1995,'OJP',-.5,641.0,12-NOV-1998,'CPI'"
"'SSA-OJP-FLXTR','9TF04-SPR01',20-MAR-1995,'OJP',-.6,652.0,12-NOV-1998,'CPI'"
"'SSA-OJP-FLXTR','9TF04-SPR01',20-MAR-1995,'OJP',-.8,636.0,12-NOV-1998,'CPI'"
"'SSA-OJP-FLXTR','9TF04-SPR01',20-MAR-1995,'OJP',-1.0,696.0,12-NOV-1998,'CPI'"
"'SSA-OJP-FLXTR','9TF04-SPR01',20-MAR-1995,'OJP',-2.0,722.0,12-NOV-1998,'CPI'"
"'SSA-OJP-FLXTR','9TF04-SPR01',20-MAR-1995,'OJP',-3.0,763.0,12-NOV-1998,'CPI'"
"'SSA-OJP-FLXTR','9TF04-SPR01',20-MAR-1995,'OJP',-4.0,747.0,12-NOV-1998,'CPI'"
"'SSA-OJP-FLXTR','9TF04-SPR01',20-MAR-1995,'OJP',-5.0,381.0,12-NOV-1998,'CPI'"
"'SSA-OJP-FLXTR','9TF04-SPR01',21-MAR-1995,'OJP',-.1,-999.0,12-NOV-1998,'CPI'"
"'SSA-OJP-FLXTR','9TF04-SPR01',21-MAR-1995,'OJP',-.1,-999.0,12-NOV-1998,'CPI'"
"'SSA-OJP-FLXTR','9TF04-SPR01',21-MAR-1995,'OJP',-.2,-999.0,12-NOV-1998,'CPI'"
"'SSA-OJP-FLXTR','9TF04-SPR01',21-MAR-1995,'OJP',-.3,-999.0,12-NOV-1998,'CPI'"
"'SSA-OJP-FLXTR','9TF04-SPR01',21-MAR-1995,'OJP',-.4,-999.0,12-NOV-1998,'CPI'"
"'SSA-OJP-FLXTR','9TF04-SPR01',21-MAR-1995,'OJP',-.5,-999.0,12-NOV-1998,'CPI'"
"'SSA-OJP-FLXTR','9TF04-SPR01',21-MAR-1995,'OJP',-.6,-999.0,12-NOV-1998,'CPI'"
"'SSA-OJP-FLXTR','9TF04-SPR01',21-MAR-1995,'OJP',-.8,-999.0,12-NOV-1998,'CPI'"
"'SSA-OJP-FLXTR','9TF04-SPR01',21-MAR-1995,'OJP',-1.0,632.0,12-NOV-1998,'CPI'"
"'SSA-OJP-FLXTR','9TF04-SPR01',21-MAR-1995,'OJP',-2.0,625.0,12-NOV-1998,'CPI'"
"'SSA-OJP-FLXTR','9TF04-SPR01',21-MAR-1995,'OJP',-3.0,641.0,12-NOV-1998,'CPI'"
"'SSA-OJP-FLXTR','9TF04-SPR01',21-MAR-1995,'OJP',-4.0,648.0,12-NOV-1998,'CPI'"
"'SSA-OJP-FLXTR','9TF04-SPR01',21-MAR-1995,'OJP',-5.0,391.0,12-NOV-1998,'CPI'"
"'SSA-YJP-FLXTR','9TF04-SPR01',27-MAY-1994,'YJP',-6.0,1451.0,12-NOV-1998,'CPI'"
"'SSA-YJP-FLXTR','9TF04-SPR01',27-MAY-1994,'YJP',-5.0,1423.0,12-NOV-1998,'CPI'"
"'SSA-YJP-FLXTR','9TF04-SPR01',27-MAY-1994,'YJP',-.4,-999.0,12-NOV-1998,'CPI'"
"'SSA-YJP-FLXTR','9TF04-SPR01',27-MAY-1994,'YJP',-.3,-999.0,12-NOV-1998,'CPI'"
"'SSA-YJP-FLXTR','9TF04-SPR01',27-MAY-1994,'YJP',-1.5,1958.0,12-NOV-1998,'CPI'"
"'SSA-YJP-FLXTR','9TF04-SPR01',27-MAY-1994,'YJP',-.3,-999.0,12-NOV-1998,'CPI'"
"'SSA-YJP-FLXTR','9TF04-SPR01',27-MAY-1994,'YJP',-.8,-999.0,12-NOV-1998,'CPI'"
"'SSA-YJP-FLXTR','9TF04-SPR01',27-MAY-1994,'YJP',-.6,-999.0,12-NOV-1998,'CPI'"
"'SSA-YJP-FLXTR','9TF04-SPR01',27-MAY-1994,'YJP',-1.0,2295.0,12-NOV-1998,'CPI'"
"'SSA-YJP-FLXTR','9TF04-SPR01',27-MAY-1994,'YJP',-.1,-999.0,12-NOV-1998,'CPI'"
"'SSA-YJP-FLXTR','9TF04-SPR01',27-MAY-1994,'YJP',-.1,-999.0,12-NOV-1998,'CPI'"
"'SSA-YJP-FLXTR','9TF04-SPR01',27-MAY-1994,'YJP',-.2,-999.0,12-NOV-1998,'CPI'"
"'SSA-YJP-FLXTR','9TF04-SPR01',27-MAY-1994,'YJP',-.2,-999.0,12-NOV-1998,'CPI'"
"'SSA-YJP-FLXTR','9TF04-SPR01',27-MAY-1994,'YJP',-2.0,1708.0,12-NOV-1998,'CPI'"
"'SSA-YJP-FLXTR','9TF04-SPR01',27-MAY-1994,'YJP',-2.5,1593.0,12-NOV-1998,'CPI'"
"'SSA-YJP-FLXTR','9TF04-SPR01',27-MAY-1994,'YJP',-3.0,1380.0,12-NOV-1998,'CPI'"
"'SSA-YJP-FLXTR','9TF04-SPR01',27-MAY-1994,'YJP',-4.0,1398.0,12-NOV-1998,'CPI'"
"'SSA-YJP-FLXTR','9TF04-SPR01',27-MAY-1994,'YJP',-.5,-999.0,12-NOV-1998,'CPI'"
"'SSA-YJP-FLXTR','9TF04-SPR01',28-MAY-1994,'YJP',-6.0,1454.0,12-NOV-1998,'CPI'"
"'SSA-YJP-FLXTR','9TF04-SPR01',28-MAY-1994,'YJP',-.5,2384.0,12-NOV-1998,'CPI'"
"'SSA-YJP-FLXTR','9TF04-SPR01',28-MAY-1994,'YJP',-3.0,1403.0,12-NOV-1998,'CPI'"
"'SSA-YJP-FLXTR','9TF04-SPR01',28-MAY-1994,'YJP',-2.5,-999.0,12-NOV-1998,'CPI'"
"'SSA-YJP-FLXTR','9TF04-SPR01',28-MAY-1994,'YJP',-2.0,1557.0,12-NOV-1998,'CPI'"
"'SSA-YJP-FLXTR','9TF04-SPR01',28-MAY-1994,'YJP',-.2,2000.0,12-NOV-1998,'CPI'"
"'SSA-YJP-FLXTR','9TF04-SPR01',28-MAY-1994,'YJP',-1.0,2062.0,12-NOV-1998,'CPI'"
"'SSA-YJP-FLXTR','9TF04-SPR01',28-MAY-1994,'YJP',-.8,1925.0,12-NOV-1998,'CPI'"
"'SSA-YJP-FLXTR','9TF04-SPR01',28-MAY-1994,'YJP',-.1,2274.0,12-NOV-1998,'CPI'"
"'SSA-YJP-FLXTR','9TF04-SPR01',28-MAY-1994,'YJP',-.1,1530.0,12-NOV-1998,'CPI'"
"'SSA-YJP-FLXTR','9TF04-SPR01',28-MAY-1994,'YJP',-.2,2091.0,12-NOV-1998,'CPI'"
"'SSA-YJP-FLXTR','9TF04-SPR01',28-MAY-1994,'YJP',-.6,2195.0,12-NOV-1998,'CPI'"
"'SSA-YJP-FLXTR','9TF04-SPR01',28-MAY-1994,'YJP',-.3,2253.0,12-NOV-1998,'CPI'"
"'SSA-YJP-FLXTR','9TF04-SPR01',28-MAY-1994,'YJP',-1.5,-999.0,12-NOV-1998,'CPI'"
"'SSA-YJP-FLXTR','9TF04-SPR01',28-MAY-1994,'YJP',-.3,2258.0,12-NOV-1998,'CPI'"
"'SSA-YJP-FLXTR','9TF04-SPR01',28-MAY-1994,'YJP',-4.0,1401.0,12-NOV-1998,'CPI'"
"'SSA-YJP-FLXTR','9TF04-SPR01',28-MAY-1994,'YJP',-5.0,1423.0,12-NOV-1998,'CPI'"
"'SSA-YJP-FLXTR','9TF04-SPR01',28-MAY-1994,'YJP',-.4,2266.0,12-NOV-1998,'CPI'"
"'SSA-YJP-FLXTR','9TF04-SPR01',01-JUN-1994,'YJP',-6.0,-999.0,12-NOV-1998,'CPI'"
"'SSA-YJP-FLXTR','9TF04-SPR01',01-JUN-1994,'YJP',-5.0,-999.0,12-NOV-1998,'CPI'"
"'SSA-YJP-FLXTR','9TF04-SPR01',01-JUN-1994,'YJP',-.4,2318.0,12-NOV-1998,'CPI'"
"'SSA-YJP-FLXTR','9TF04-SPR01',01-JUN-1994,'YJP',-.3,2318.0,12-NOV-1998,'CPI'"
"'SSA-YJP-FLXTR','9TF04-SPR01',01-JUN-1994,'YJP',-1.5,-999.0,12-NOV-1998,'CPI'"
"'SSA-YJP-FLXTR','9TF04-SPR01',01-JUN-1994,'YJP',-.3,2210.0,12-NOV-1998,'CPI'"
"'SSA-YJP-FLXTR','9TF04-SPR01',01-JUN-1994,'YJP',-.8,2109.0,12-NOV-1998,'CPI'"
"'SSA-YJP-FLXTR','9TF04-SPR01',01-JUN-1994,'YJP',-.6,2356.0,12-NOV-1998,'CPI'"
"'SSA-YJP-FLXTR','9TF04-SPR01',01-JUN-1994,'YJP',-1.0,2126.0,12-NOV-1998,'CPI'"
"'SSA-YJP-FLXTR','9TF04-SPR01',01-JUN-1994,'YJP',-.1,2228.0,12-NOV-1998,'CPI'"
"'SSA-YJP-FLXTR','9TF04-SPR01',01-JUN-1994,'YJP',-.1,1497.0,12-NOV-1998,'CPI'"
"'SSA-YJP-FLXTR','9TF04-SPR01',01-JUN-1994,'YJP',-.2,1956.0,12-NOV-1998,'CPI'"
"'SSA-YJP-FLXTR','9TF04-SPR01',01-JUN-1994,'YJP',-.2,1844.0,12-NOV-1998,'CPI'"
"'SSA-YJP-FLXTR','9TF04-SPR01',01-JUN-1994,'YJP',-2.0,-999.0,12-NOV-1998,'CPI'"
"'SSA-YJP-FLXTR','9TF04-SPR01',01-JUN-1994,'YJP',-2.5,-999.0,12-NOV-1998,'CPI'"
"'SSA-YJP-FLXTR','9TF04-SPR01',01-JUN-1994,'YJP',-3.0,-999.0,12-NOV-1998,'CPI'"
"'SSA-YJP-FLXTR','9TF04-SPR01',01-JUN-1994,'YJP',-4.0,-999.0,12-NOV-1998,'CPI'"
"'SSA-YJP-FLXTR','9TF04-SPR01',01-JUN-1994,'YJP',-.5,2483.0,12-NOV-1998,'CPI'"
"'SSA-YJP-FLXTR','9TF04-SPR01',09-JUN-1994,'YJP',-6.0,-999.0,12-NOV-1998,'CPI'"
"'SSA-YJP-FLXTR','9TF04-SPR01',09-JUN-1994,'YJP',-.4,2373.0,12-NOV-1998,'CPI'"
"'SSA-YJP-FLXTR','9TF04-SPR01',09-JUN-1994,'YJP',-3.0,1622.0,12-NOV-1998,'CPI'"
"'SSA-YJP-FLXTR','9TF04-SPR01',09-JUN-1994,'YJP',-2.0,-999.0,12-NOV-1998,'CPI'"
"'SSA-YJP-FLXTR','9TF04-SPR01',09-JUN-1994,'YJP',-1.5,-999.0,12-NOV-1998,'CPI'"
"'SSA-YJP-FLXTR','9TF04-SPR01',09-JUN-1994,'YJP',-.2,1847.0,12-NOV-1998,'CPI'"
"'SSA-YJP-FLXTR','9TF04-SPR01',09-JUN-1994,'YJP',-1.0,2488.0,12-NOV-1998,'CPI'"
"'SSA-YJP-FLXTR','9TF04-SPR01',09-JUN-1994,'YJP',-.8,2277.0,12-NOV-1998,'CPI'"
"'SSA-YJP-FLXTR','9TF04-SPR01',09-JUN-1994,'YJP',-.1,2204.0,12-NOV-1998,'CPI'"
"'SSA-YJP-FLXTR','9TF04-SPR01',09-JUN-1994,'YJP',-.1,1503.0,12-NOV-1998,'CPI'"
"'SSA-YJP-FLXTR','9TF04-SPR01',09-JUN-1994,'YJP',-.2,1846.0,12-NOV-1998,'CPI'"
"'SSA-YJP-FLXTR','9TF04-SPR01',09-JUN-1994,'YJP',-.6,2635.0,12-NOV-1998,'CPI'"
"'SSA-YJP-FLXTR','9TF04-SPR01',09-JUN-1994,'YJP',-.3,2172.0,12-NOV-1998,'CPI'"
"'SSA-YJP-FLXTR','9TF04-SPR01',09-JUN-1994,'YJP',-2.5,-999.0,12-NOV-1998,'CPI'"
"'SSA-YJP-FLXTR','9TF04-SPR01',09-JUN-1994,'YJP',-4.0,-999.0,12-NOV-1998,'CPI'"
"'SSA-YJP-FLXTR','9TF04-SPR01',09-JUN-1994,'YJP',-.5,2633.0,12-NOV-1998,'CPI'"
"'SSA-YJP-FLXTR','9TF04-SPR01',09-JUN-1994,'YJP',-5.0,-999.0,12-NOV-1998,'CPI'"
"'SSA-YJP-FLXTR','9TF04-SPR01',09-JUN-1994,'YJP',-.3,2378.0,12-NOV-1998,'CPI'"
"'SSA-YJP-FLXTR','9TF04-SPR01',15-JUN-1994,'YJP',-6.0,1460.0,12-NOV-1998,'CPI'"
"'SSA-YJP-FLXTR','9TF04-SPR01',15-JUN-1994,'YJP',-4.0,1435.0,12-NOV-1998,'CPI'"
"'SSA-YJP-FLXTR','9TF04-SPR01',15-JUN-1994,'YJP',-.3,2259.0,12-NOV-1998,'CPI'"
"'SSA-YJP-FLXTR','9TF04-SPR01',15-JUN-1994,'YJP',-2.0,1676.0,12-NOV-1998,'CPI'"
"'SSA-YJP-FLXTR','9TF04-SPR01',15-JUN-1994,'YJP',-1.5,-999.0,12-NOV-1998,'CPI'"
"'SSA-YJP-FLXTR','9TF04-SPR01',15-JUN-1994,'YJP',-.8,2277.0,12-NOV-1998,'CPI'"
"'SSA-YJP-FLXTR','9TF04-SPR01',15-JUN-1994,'YJP',-.2,1896.0,12-NOV-1998,'CPI'"
"'SSA-YJP-FLXTR','9TF04-SPR01',15-JUN-1994,'YJP',-.1,1925.0,12-NOV-1998,'CPI'"
"'SSA-YJP-FLXTR','9TF04-SPR01',15-JUN-1994,'YJP',-.1,1575.0,12-NOV-1998,'CPI'"
"'SSA-YJP-FLXTR','9TF04-SPR01',15-JUN-1994,'YJP',-.2,2003.0,12-NOV-1998,'CPI'"
"'SSA-YJP-FLXTR','9TF04-SPR01',15-JUN-1994,'YJP',-.6,2407.0,12-NOV-1998,'CPI'"
"'SSA-YJP-FLXTR','9TF04-SPR01',15-JUN-1994,'YJP',-1.0,2586.0,12-NOV-1998,'CPI'"
"'SSA-YJP-FLXTR','9TF04-SPR01',15-JUN-1994,'YJP',-2.5,-999.0,12-NOV-1998,'CPI'"
"'SSA-YJP-FLXTR','9TF04-SPR01',15-JUN-1994,'YJP',-.3,2368.0,12-NOV-1998,'CPI'"
"'SSA-YJP-FLXTR','9TF04-SPR01',15-JUN-1994,'YJP',-3.0,1622.0,12-NOV-1998,'CPI'"
"'SSA-YJP-FLXTR','9TF04-SPR01',15-JUN-1994,'YJP',-.5,2469.0,12-NOV-1998,'CPI'"
"'SSA-YJP-FLXTR','9TF04-SPR01',15-JUN-1994,'YJP',-5.0,1336.0,12-NOV-1998,'CPI'"
"'SSA-YJP-FLXTR','9TF04-SPR01',15-JUN-1994,'YJP',-.4,2357.0,12-NOV-1998,'CPI'"
"'SSA-YJP-FLXTR','9TF04-SPR01',29-JUN-1994,'YJP',-6.0,1574.0,12-NOV-1998,'CPI'"
"'SSA-YJP-FLXTR','9TF04-SPR01',29-JUN-1994,'YJP',-3.0,2157.0,12-NOV-1998,'CPI'"
"'SSA-YJP-FLXTR','9TF04-SPR01',29-JUN-1994,'YJP',-.3,3248.0,12-NOV-1998,'CPI'"
"'SSA-YJP-FLXTR','9TF04-SPR01',29-JUN-1994,'YJP',-2.5,-999.0,12-NOV-1998,'CPI'"
"'SSA-YJP-FLXTR','9TF04-SPR01',29-JUN-1994,'YJP',-.2,2547.0,12-NOV-1998,'CPI'"
"'SSA-YJP-FLXTR','9TF04-SPR01',29-JUN-1994,'YJP',-1.5,-999.0,12-NOV-1998,'CPI'"
"'SSA-YJP-FLXTR','9TF04-SPR01',29-JUN-1994,'YJP',-.1,3054.0,12-NOV-1998,'CPI'"
"'SSA-YJP-FLXTR','9TF04-SPR01',29-JUN-1994,'YJP',-.1,2098.0,12-NOV-1998,'CPI'"
"'SSA-YJP-FLXTR','9TF04-SPR01',29-JUN-1994,'YJP',-.2,2638.0,12-NOV-1998,'CPI'"
"'SSA-YJP-FLXTR','9TF04-SPR01',29-JUN-1994,'YJP',-.6,3443.0,12-NOV-1998,'CPI'"
"'SSA-YJP-FLXTR','9TF04-SPR01',29-JUN-1994,'YJP',-1.0,3358.0,12-NOV-1998,'CPI'"
"'SSA-YJP-FLXTR','9TF04-SPR01',29-JUN-1994,'YJP',-.8,3325.0,12-NOV-1998,'CPI'"
"'SSA-YJP-FLXTR','9TF04-SPR01',29-JUN-1994,'YJP',-2.0,2716.0,12-NOV-1998,'CPI'"
"'SSA-YJP-FLXTR','9TF04-SPR01',29-JUN-1994,'YJP',-.3,2949.0,12-NOV-1998,'CPI'"
"'SSA-YJP-FLXTR','9TF04-SPR01',29-JUN-1994,'YJP',-4.0,1820.0,12-NOV-1998,'CPI'"
"'SSA-YJP-FLXTR','9TF04-SPR01',29-JUN-1994,'YJP',-5.0,1672.0,12-NOV-1998,'CPI'"
"'SSA-YJP-FLXTR','9TF04-SPR01',29-JUN-1994,'YJP',-.4,3213.0,12-NOV-1998,'CPI'"
"'SSA-YJP-FLXTR','9TF04-SPR01',29-JUN-1994,'YJP',-.5,3420.0,12-NOV-1998,'CPI'"
"'SSA-YJP-FLXTR','9TF04-SPR01',06-JUL-1994,'YJP',-6.0,1645.0,12-NOV-1998,'CPI'"
"'SSA-YJP-FLXTR','9TF04-SPR01',06-JUL-1994,'YJP',-.5,-999.0,12-NOV-1998,'CPI'"
"'SSA-YJP-FLXTR','9TF04-SPR01',06-JUL-1994,'YJP',-3.0,2440.0,12-NOV-1998,'CPI'"
"'SSA-YJP-FLXTR','9TF04-SPR01',06-JUL-1994,'YJP',-.3,-999.0,12-NOV-1998,'CPI'"
"'SSA-YJP-FLXTR','9TF04-SPR01',06-JUL-1994,'YJP',-2.5,3289.0,12-NOV-1998,'CPI'"
"'SSA-YJP-FLXTR','9TF04-SPR01',06-JUL-1994,'YJP',-.2,-999.0,12-NOV-1998,'CPI'"
"'SSA-YJP-FLXTR','9TF04-SPR01',06-JUL-1994,'YJP',-1.0,-999.0,12-NOV-1998,'CPI'"
"'SSA-YJP-FLXTR','9TF04-SPR01',06-JUL-1994,'YJP',-.8,-999.0,12-NOV-1998,'CPI'"
"'SSA-YJP-FLXTR','9TF04-SPR01',06-JUL-1994,'YJP',-.1,-999.0,12-NOV-1998,'CPI'"
"'SSA-YJP-FLXTR','9TF04-SPR01',06-JUL-1994,'YJP',-.1,-999.0,12-NOV-1998,'CPI'"
"'SSA-YJP-FLXTR','9TF04-SPR01',06-JUL-1994,'YJP',-.2,-999.0,12-NOV-1998,'CPI'"
"'SSA-YJP-FLXTR','9TF04-SPR01',06-JUL-1994,'YJP',-.6,-999.0,12-NOV-1998,'CPI'"
"'SSA-YJP-FLXTR','9TF04-SPR01',06-JUL-1994,'YJP',-1.5,4441.0,12-NOV-1998,'CPI'"
"'SSA-YJP-FLXTR','9TF04-SPR01',06-JUL-1994,'YJP',-2.0,3863.0,12-NOV-1998,'CPI'"
"'SSA-YJP-FLXTR','9TF04-SPR01',06-JUL-1994,'YJP',-.3,-999.0,12-NOV-1998,'CPI'"
"'SSA-YJP-FLXTR','9TF04-SPR01',06-JUL-1994,'YJP',-.4,-999.0,12-NOV-1998,'CPI'"
"'SSA-YJP-FLXTR','9TF04-SPR01',06-JUL-1994,'YJP',-4.0,2017.0,12-NOV-1998,'CPI'"
"'SSA-YJP-FLXTR','9TF04-SPR01',06-JUL-1994,'YJP',-5.0,1807.0,12-NOV-1998,'CPI'"
"'SSA-YJP-FLXTR','9TF04-SPR01',08-JUL-1994,'YJP',-6.0,-999.0,12-NOV-1998,'CPI'"
"'SSA-YJP-FLXTR','9TF04-SPR01',08-JUL-1994,'YJP',-3.0,-999.0,12-NOV-1998,'CPI'"
"'SSA-YJP-FLXTR','9TF04-SPR01',08-JUL-1994,'YJP',-.3,4965.0,12-NOV-1998,'CPI'"
"'SSA-YJP-FLXTR','9TF04-SPR01',08-JUL-1994,'YJP',-2.5,-999.0,12-NOV-1998,'CPI'"
"'SSA-YJP-FLXTR','9TF04-SPR01',08-JUL-1994,'YJP',-.2,4211.0,12-NOV-1998,'CPI'"
"'SSA-YJP-FLXTR','9TF04-SPR01',08-JUL-1994,'YJP',-1.0,4597.0,12-NOV-1998,'CPI'"
"'SSA-YJP-FLXTR','9TF04-SPR01',08-JUL-1994,'YJP',-.8,4564.0,12-NOV-1998,'CPI'"
"'SSA-YJP-FLXTR','9TF04-SPR01',08-JUL-1994,'YJP',-.1,4857.0,12-NOV-1998,'CPI'"
"'SSA-YJP-FLXTR','9TF04-SPR01',08-JUL-1994,'YJP',-.1,2874.0,12-NOV-1998,'CPI'"
"'SSA-YJP-FLXTR','9TF04-SPR01',08-JUL-1994,'YJP',-.2,4558.0,12-NOV-1998,'CPI'"
"'SSA-YJP-FLXTR','9TF04-SPR01',08-JUL-1994,'YJP',-.6,4990.0,12-NOV-1998,'CPI'"
"'SSA-YJP-FLXTR','9TF04-SPR01',08-JUL-1994,'YJP',-.5,5012.0,12-NOV-1998,'CPI'"
"'SSA-YJP-FLXTR','9TF04-SPR01',08-JUL-1994,'YJP',-1.5,-999.0,12-NOV-1998,'CPI'"
"'SSA-YJP-FLXTR','9TF04-SPR01',08-JUL-1994,'YJP',-2.0,-999.0,12-NOV-1998,'CPI'"
"'SSA-YJP-FLXTR','9TF04-SPR01',08-JUL-1994,'YJP',-.3,4783.0,12-NOV-1998,'CPI'"
"'SSA-YJP-FLXTR','9TF04-SPR01',08-JUL-1994,'YJP',-.4,4963.0,12-NOV-1998,'CPI'"
"'SSA-YJP-FLXTR','9TF04-SPR01',08-JUL-1994,'YJP',-4.0,-999.0,12-NOV-1998,'CPI'"
"'SSA-YJP-FLXTR','9TF04-SPR01',08-JUL-1994,'YJP',-5.0,-999.0,12-NOV-1998,'CPI'"
"'SSA-YJP-FLXTR','9TF04-SPR01',23-JUL-1994,'YJP',-6.0,2033.0,12-NOV-1998,'CPI'"
"'SSA-YJP-FLXTR','9TF04-SPR01',23-JUL-1994,'YJP',-.3,6225.0,12-NOV-1998,'CPI'"
"'SSA-YJP-FLXTR','9TF04-SPR01',23-JUL-1994,'YJP',-2.0,4503.0,12-NOV-1998,'CPI'"
"'SSA-YJP-FLXTR','9TF04-SPR01',23-JUL-1994,'YJP',-1.5,5883.0,12-NOV-1998,'CPI'"
"'SSA-YJP-FLXTR','9TF04-SPR01',23-JUL-1994,'YJP',-.8,-999.0,12-NOV-1998,'CPI'"
"'SSA-YJP-FLXTR','9TF04-SPR01',23-JUL-1994,'YJP',-.2,5675.0,12-NOV-1998,'CPI'"
"'SSA-YJP-FLXTR','9TF04-SPR01',23-JUL-1994,'YJP',-.1,3485.0,12-NOV-1998,'CPI'"
"'SSA-YJP-FLXTR','9TF04-SPR01',23-JUL-1994,'YJP',-.1,1960.0,12-NOV-1998,'CPI'"
"'SSA-YJP-FLXTR','9TF04-SPR01',23-JUL-1994,'YJP',-.2,4715.0,12-NOV-1998,'CPI'"
"'SSA-YJP-FLXTR','9TF04-SPR01',23-JUL-1994,'YJP',-.6,-999.0,12-NOV-1998,'CPI'"
"'SSA-YJP-FLXTR','9TF04-SPR01',23-JUL-1994,'YJP',-.5,7150.0,12-NOV-1998,'CPI'"
"'SSA-YJP-FLXTR','9TF04-SPR01',23-JUL-1994,'YJP',-1.0,6945.0,12-NOV-1998,'CPI'"
"'SSA-YJP-FLXTR','9TF04-SPR01',23-JUL-1994,'YJP',-2.5,3650.0,12-NOV-1998,'CPI'"
"'SSA-YJP-FLXTR','9TF04-SPR01',23-JUL-1994,'YJP',-.3,6750.0,12-NOV-1998,'CPI'"
"'SSA-YJP-FLXTR','9TF04-SPR01',23-JUL-1994,'YJP',-3.0,2529.0,12-NOV-1998,'CPI'"
"'SSA-YJP-FLXTR','9TF04-SPR01',23-JUL-1994,'YJP',-4.0,2362.0,12-NOV-1998,'CPI'"
"'SSA-YJP-FLXTR','9TF04-SPR01',23-JUL-1994,'YJP',-.4,7070.0,12-NOV-1998,'CPI'"
"'SSA-YJP-FLXTR','9TF04-SPR01',23-JUL-1994,'YJP',-5.0,2194.0,12-NOV-1998,'CPI'"
"'SSA-YJP-FLXTR','9TF04-SPR01',01-AUG-1994,'YJP',-6.0,2234.0,12-NOV-1998,'CPI'"
"'SSA-YJP-FLXTR','9TF04-SPR01',01-AUG-1994,'YJP',-4.0,2648.0,12-NOV-1998,'CPI'"
"'SSA-YJP-FLXTR','9TF04-SPR01',01-AUG-1994,'YJP',-5.0,2393.0,12-NOV-1998,'CPI'"
"'SSA-YJP-FLXTR','9TF04-SPR01',01-AUG-1994,'YJP',-.4,5400.0,12-NOV-1998,'CPI'"
"'SSA-YJP-FLXTR','9TF04-SPR01',01-AUG-1994,'YJP',-3.0,3204.0,12-NOV-1998,'CPI'"
"'SSA-YJP-FLXTR','9TF04-SPR01',01-AUG-1994,'YJP',-.3,4690.0,12-NOV-1998,'CPI'"
"'SSA-YJP-FLXTR','9TF04-SPR01',01-AUG-1994,'YJP',-.3,5082.0,12-NOV-1998,'CPI'"
"'SSA-YJP-FLXTR','9TF04-SPR01',01-AUG-1994,'YJP',-.6,5730.0,12-NOV-1998,'CPI'"
"'SSA-YJP-FLXTR','9TF04-SPR01',01-AUG-1994,'YJP',-.5,5576.0,12-NOV-1998,'CPI'"
"'SSA-YJP-FLXTR','9TF04-SPR01',01-AUG-1994,'YJP',-.1,1820.0,12-NOV-1998,'CPI'"
"'SSA-YJP-FLXTR','9TF04-SPR01',01-AUG-1994,'YJP',-.2,3875.0,12-NOV-1998,'CPI'"
"'SSA-YJP-FLXTR','9TF04-SPR01',01-AUG-1994,'YJP',-.1,2892.0,12-NOV-1998,'CPI'"
"'SSA-YJP-FLXTR','9TF04-SPR01',01-AUG-1994,'YJP',-2.0,5184.0,12-NOV-1998,'CPI'"
"'SSA-YJP-FLXTR','9TF04-SPR01',01-AUG-1994,'YJP',-2.5,4550.0,12-NOV-1998,'CPI'"
"'SSA-YJP-FLXTR','9TF04-SPR01',01-AUG-1994,'YJP',-1.5,5716.0,12-NOV-1998,'CPI'"
"'SSA-YJP-FLXTR','9TF04-SPR01',01-AUG-1994,'YJP',-.2,4160.0,12-NOV-1998,'CPI'"
"'SSA-YJP-FLXTR','9TF04-SPR01',01-AUG-1994,'YJP',-1.0,6014.0,12-NOV-1998,'CPI'"
"'SSA-YJP-FLXTR','9TF04-SPR01',01-AUG-1994,'YJP',-.8,-999.0,12-NOV-1998,'CPI'"
"'SSA-YJP-FLXTR','9TF04-SPR01',04-AUG-1994,'YJP',-6.0,-999.0,12-NOV-1998,'CPI'"
"'SSA-YJP-FLXTR','9TF04-SPR01',04-AUG-1994,'YJP',-4.0,-999.0,12-NOV-1998,'CPI'"
"'SSA-YJP-FLXTR','9TF04-SPR01',04-AUG-1994,'YJP',-5.0,-999.0,12-NOV-1998,'CPI'"
"'SSA-YJP-FLXTR','9TF04-SPR01',04-AUG-1994,'YJP',-.4,4000.0,12-NOV-1998,'CPI'"
"'SSA-YJP-FLXTR','9TF04-SPR01',04-AUG-1994,'YJP',-3.0,-999.0,12-NOV-1998,'CPI'"
"'SSA-YJP-FLXTR','9TF04-SPR01',04-AUG-1994,'YJP',-.3,3445.0,12-NOV-1998,'CPI'"
"'SSA-YJP-FLXTR','9TF04-SPR01',04-AUG-1994,'YJP',-.3,4150.0,12-NOV-1998,'CPI'"
"'SSA-YJP-FLXTR','9TF04-SPR01',04-AUG-1994,'YJP',-2.0,-999.0,12-NOV-1998,'CPI'"
"'SSA-YJP-FLXTR','9TF04-SPR01',04-AUG-1994,'YJP',-2.5,-999.0,12-NOV-1998,'CPI'"
"'SSA-YJP-FLXTR','9TF04-SPR01',04-AUG-1994,'YJP',-1.5,-999.0,12-NOV-1998,'CPI'"
"'SSA-YJP-FLXTR','9TF04-SPR01',04-AUG-1994,'YJP',-1.0,5515.0,12-NOV-1998,'CPI'"
"'SSA-YJP-FLXTR','9TF04-SPR01',04-AUG-1994,'YJP',-.2,2760.0,12-NOV-1998,'CPI'"
"'SSA-YJP-FLXTR','9TF04-SPR01',04-AUG-1994,'YJP',-.8,5400.0,12-NOV-1998,'CPI'"
"'SSA-YJP-FLXTR','9TF04-SPR01',04-AUG-1994,'YJP',-.5,4580.0,12-NOV-1998,'CPI'"
"'SSA-YJP-FLXTR','9TF04-SPR01',04-AUG-1994,'YJP',-.6,4415.0,12-NOV-1998,'CPI'"
"'SSA-YJP-FLXTR','9TF04-SPR01',04-AUG-1994,'YJP',-.1,3570.0,12-NOV-1998,'CPI'"
"'SSA-YJP-FLXTR','9TF04-SPR01',04-AUG-1994,'YJP',-.2,2860.0,12-NOV-1998,'CPI'"
"'SSA-YJP-FLXTR','9TF04-SPR01',04-AUG-1994,'YJP',-.1,2140.0,12-NOV-1998,'CPI'"
"'SSA-YJP-FLXTR','9TF04-SPR01',09-AUG-1994,'YJP',-6.0,2479.0,12-NOV-1998,'CPI'"
"'SSA-YJP-FLXTR','9TF04-SPR01',09-AUG-1994,'YJP',-4.0,3013.0,12-NOV-1998,'CPI'"
"'SSA-YJP-FLXTR','9TF04-SPR01',09-AUG-1994,'YJP',-5.0,2708.0,12-NOV-1998,'CPI'"
"'SSA-YJP-FLXTR','9TF04-SPR01',09-AUG-1994,'YJP',-.4,2861.0,12-NOV-1998,'CPI'"
"'SSA-YJP-FLXTR','9TF04-SPR01',09-AUG-1994,'YJP',-3.0,3502.0,12-NOV-1998,'CPI'"
"'SSA-YJP-FLXTR','9TF04-SPR01',09-AUG-1994,'YJP',-.3,2422.0,12-NOV-1998,'CPI'"
"'SSA-YJP-FLXTR','9TF04-SPR01',09-AUG-1994,'YJP',-.3,2958.0,12-NOV-1998,'CPI'"
"'SSA-YJP-FLXTR','9TF04-SPR01',09-AUG-1994,'YJP',-2.0,4428.0,12-NOV-1998,'CPI'"
"'SSA-YJP-FLXTR','9TF04-SPR01',09-AUG-1994,'YJP',-2.5,4154.0,12-NOV-1998,'CPI'"
"'SSA-YJP-FLXTR','9TF04-SPR01',09-AUG-1994,'YJP',-1.5,4405.0,12-NOV-1998,'CPI'"
"'SSA-YJP-FLXTR','9TF04-SPR01',09-AUG-1994,'YJP',-1.0,4110.0,12-NOV-1998,'CPI'"
"'SSA-YJP-FLXTR','9TF04-SPR01',09-AUG-1994,'YJP',-.2,2005.0,12-NOV-1998,'CPI'"
"'SSA-YJP-FLXTR','9TF04-SPR01',09-AUG-1994,'YJP',-.2,2084.0,12-NOV-1998,'CPI'"
"'SSA-YJP-FLXTR','9TF04-SPR01',09-AUG-1994,'YJP',-.8,4138.0,12-NOV-1998,'CPI'"
"'SSA-YJP-FLXTR','9TF04-SPR01',09-AUG-1994,'YJP',-.5,3300.0,12-NOV-1998,'CPI'"
"'SSA-YJP-FLXTR','9TF04-SPR01',09-AUG-1994,'YJP',-.6,3777.0,12-NOV-1998,'CPI'"
"'SSA-YJP-FLXTR','9TF04-SPR01',09-AUG-1994,'YJP',-.1,2524.0,12-NOV-1998,'CPI'"
"'SSA-YJP-FLXTR','9TF04-SPR01',09-AUG-1994,'YJP',-.1,1497.0,12-NOV-1998,'CPI'"
"'SSA-YJP-FLXTR','9TF04-SPR01',13-AUG-1994,'YJP',-6.0,2525.0,12-NOV-1998,'CPI'"
"'SSA-YJP-FLXTR','9TF04-SPR01',13-AUG-1994,'YJP',-4.0,2959.0,12-NOV-1998,'CPI'"
"'SSA-YJP-FLXTR','9TF04-SPR01',13-AUG-1994,'YJP',-3.0,3260.0,12-NOV-1998,'CPI'"
"'SSA-YJP-FLXTR','9TF04-SPR01',13-AUG-1994,'YJP',-.3,2251.0,12-NOV-1998,'CPI'"
"'SSA-YJP-FLXTR','9TF04-SPR01',13-AUG-1994,'YJP',-.4,2632.0,12-NOV-1998,'CPI'"
"'SSA-YJP-FLXTR','9TF04-SPR01',13-AUG-1994,'YJP',-5.0,2723.0,12-NOV-1998,'CPI'"
"'SSA-YJP-FLXTR','9TF04-SPR01',13-AUG-1994,'YJP',-.3,2726.0,12-NOV-1998,'CPI'"
"'SSA-YJP-FLXTR','9TF04-SPR01',13-AUG-1994,'YJP',-2.0,4119.0,12-NOV-1998,'CPI'"
"'SSA-YJP-FLXTR','9TF04-SPR01',13-AUG-1994,'YJP',-2.5,3941.0,12-NOV-1998,'CPI'"
"'SSA-YJP-FLXTR','9TF04-SPR01',13-AUG-1994,'YJP',-.1,1446.0,12-NOV-1998,'CPI'"
"'SSA-YJP-FLXTR','9TF04-SPR01',13-AUG-1994,'YJP',-.1,2349.0,12-NOV-1998,'CPI'"
"'SSA-YJP-FLXTR','9TF04-SPR01',13-AUG-1994,'YJP',-.6,3385.0,12-NOV-1998,'CPI'"
"'SSA-YJP-FLXTR','9TF04-SPR01',13-AUG-1994,'YJP',-.5,3040.0,12-NOV-1998,'CPI'"
"'SSA-YJP-FLXTR','9TF04-SPR01',13-AUG-1994,'YJP',-.8,3641.0,12-NOV-1998,'CPI'"
"'SSA-YJP-FLXTR','9TF04-SPR01',13-AUG-1994,'YJP',-.2,1966.0,12-NOV-1998,'CPI'"
"'SSA-YJP-FLXTR','9TF04-SPR01',13-AUG-1994,'YJP',-.2,1902.0,12-NOV-1998,'CPI'"
"'SSA-YJP-FLXTR','9TF04-SPR01',13-AUG-1994,'YJP',-1.0,3754.0,12-NOV-1998,'CPI'"
"'SSA-YJP-FLXTR','9TF04-SPR01',13-AUG-1994,'YJP',-1.5,4089.0,12-NOV-1998,'CPI'"
"'SSA-YJP-FLXTR','9TF04-SPR01',25-AUG-1994,'YJP',-6.0,2835.0,12-NOV-1998,'CPI'"
"'SSA-YJP-FLXTR','9TF04-SPR01',25-AUG-1994,'YJP',-.4,2086.0,12-NOV-1998,'CPI'"
"'SSA-YJP-FLXTR','9TF04-SPR01',25-AUG-1994,'YJP',-3.0,3164.0,12-NOV-1998,'CPI'"
"'SSA-YJP-FLXTR','9TF04-SPR01',25-AUG-1994,'YJP',-5.0,2948.0,12-NOV-1998,'CPI'"
"'SSA-YJP-FLXTR','9TF04-SPR01',25-AUG-1994,'YJP',-4.0,3052.0,12-NOV-1998,'CPI'"
"'SSA-YJP-FLXTR','9TF04-SPR01',25-AUG-1994,'YJP',-2.5,3728.0,12-NOV-1998,'CPI'"
"'SSA-YJP-FLXTR','9TF04-SPR01',25-AUG-1994,'YJP',-.3,1723.0,12-NOV-1998,'CPI'"
"'SSA-YJP-FLXTR','9TF04-SPR01',25-AUG-1994,'YJP',-.3,2186.0,12-NOV-1998,'CPI'"
"'SSA-YJP-FLXTR','9TF04-SPR01',25-AUG-1994,'YJP',-.1,1080.0,12-NOV-1998,'CPI'"
"'SSA-YJP-FLXTR','9TF04-SPR01',25-AUG-1994,'YJP',-.1,-999.0,12-NOV-1998,'CPI'"
"'SSA-YJP-FLXTR','9TF04-SPR01',25-AUG-1994,'YJP',-.6,2964.0,12-NOV-1998,'CPI'"
"'SSA-YJP-FLXTR','9TF04-SPR01',25-AUG-1994,'YJP',-.5,2512.0,12-NOV-1998,'CPI'"
"'SSA-YJP-FLXTR','9TF04-SPR01',25-AUG-1994,'YJP',-.8,3326.0,12-NOV-1998,'CPI'"
"'SSA-YJP-FLXTR','9TF04-SPR01',25-AUG-1994,'YJP',-.2,1392.0,12-NOV-1998,'CPI'"
"'SSA-YJP-FLXTR','9TF04-SPR01',25-AUG-1994,'YJP',-.2,1284.0,12-NOV-1998,'CPI'"
"'SSA-YJP-FLXTR','9TF04-SPR01',25-AUG-1994,'YJP',-1.0,3314.0,12-NOV-1998,'CPI'"
"'SSA-YJP-FLXTR','9TF04-SPR01',25-AUG-1994,'YJP',-1.5,3662.0,12-NOV-1998,'CPI'"
"'SSA-YJP-FLXTR','9TF04-SPR01',25-AUG-1994,'YJP',-2.0,3768.0,12-NOV-1998,'CPI'"
"'SSA-YJP-FLXTR','9TF04-SPR01',10-SEP-1994,'YJP',-6.0,3140.0,12-NOV-1998,'CPI'"
"'SSA-YJP-FLXTR','9TF04-SPR01',10-SEP-1994,'YJP',-4.0,3142.0,12-NOV-1998,'CPI'"
"'SSA-YJP-FLXTR','9TF04-SPR01',10-SEP-1994,'YJP',-5.0,3147.0,12-NOV-1998,'CPI'"
"'SSA-YJP-FLXTR','9TF04-SPR01',10-SEP-1994,'YJP',-.3,2488.0,12-NOV-1998,'CPI'"
"'SSA-YJP-FLXTR','9TF04-SPR01',10-SEP-1994,'YJP',-.4,2418.0,12-NOV-1998,'CPI'"
"'SSA-YJP-FLXTR','9TF04-SPR01',10-SEP-1994,'YJP',-3.0,3100.0,12-NOV-1998,'CPI'"
"'SSA-YJP-FLXTR','9TF04-SPR01',10-SEP-1994,'YJP',-2.5,3223.0,12-NOV-1998,'CPI'"
"'SSA-YJP-FLXTR','9TF04-SPR01',10-SEP-1994,'YJP',-.3,2130.0,12-NOV-1998,'CPI'"
"'SSA-YJP-FLXTR','9TF04-SPR01',10-SEP-1994,'YJP',-2.0,3399.0,12-NOV-1998,'CPI'"
"'SSA-YJP-FLXTR','9TF04-SPR01',10-SEP-1994,'YJP',-1.5,3367.0,12-NOV-1998,'CPI'"
"'SSA-YJP-FLXTR','9TF04-SPR01',10-SEP-1994,'YJP',-1.0,3216.0,12-NOV-1998,'CPI'"
"'SSA-YJP-FLXTR','9TF04-SPR01',10-SEP-1994,'YJP',-.2,1700.0,12-NOV-1998,'CPI'"
"'SSA-YJP-FLXTR','9TF04-SPR01',10-SEP-1994,'YJP',-.2,1822.0,12-NOV-1998,'CPI'"
"'SSA-YJP-FLXTR','9TF04-SPR01',10-SEP-1994,'YJP',-.8,3260.0,12-NOV-1998,'CPI'"
"'SSA-YJP-FLXTR','9TF04-SPR01',10-SEP-1994,'YJP',-.5,2791.0,12-NOV-1998,'CPI'"
"'SSA-YJP-FLXTR','9TF04-SPR01',10-SEP-1994,'YJP',-.6,3104.0,12-NOV-1998,'CPI'"
"'SSA-YJP-FLXTR','9TF04-SPR01',10-SEP-1994,'YJP',-.1,-999.0,12-NOV-1998,'CPI'"
"'SSA-YJP-FLXTR','9TF04-SPR01',10-SEP-1994,'YJP',-.1,1446.0,12-NOV-1998,'CPI'"
"'SSA-YJP-FLXTR','9TF04-SPR01',17-SEP-1994,'YJP',-6.0,3163.0,12-NOV-1998,'CPI'"
"'SSA-YJP-FLXTR','9TF04-SPR01',17-SEP-1994,'YJP',-5.0,3156.0,12-NOV-1998,'CPI'"
"'SSA-YJP-FLXTR','9TF04-SPR01',17-SEP-1994,'YJP',-4.0,3144.0,12-NOV-1998,'CPI'"
"'SSA-YJP-FLXTR','9TF04-SPR01',17-SEP-1994,'YJP',-.3,2018.0,12-NOV-1998,'CPI'"
"'SSA-YJP-FLXTR','9TF04-SPR01',17-SEP-1994,'YJP',-.4,1952.0,12-NOV-1998,'CPI'"
"'SSA-YJP-FLXTR','9TF04-SPR01',17-SEP-1994,'YJP',-3.0,3100.0,12-NOV-1998,'CPI'"
"'SSA-YJP-FLXTR','9TF04-SPR01',17-SEP-1994,'YJP',-2.5,3354.0,12-NOV-1998,'CPI'"
"'SSA-YJP-FLXTR','9TF04-SPR01',17-SEP-1994,'YJP',-.3,1567.0,12-NOV-1998,'CPI'"
"'SSA-YJP-FLXTR','9TF04-SPR01',17-SEP-1994,'YJP',-2.0,3276.0,12-NOV-1998,'CPI'"
"'SSA-YJP-FLXTR','9TF04-SPR01',17-SEP-1994,'YJP',-1.5,3124.0,12-NOV-1998,'CPI'"
"'SSA-YJP-FLXTR','9TF04-SPR01',17-SEP-1994,'YJP',-1.0,2828.0,12-NOV-1998,'CPI'"
"'SSA-YJP-FLXTR','9TF04-SPR01',17-SEP-1994,'YJP',-.2,1293.0,12-NOV-1998,'CPI'"
"'SSA-YJP-FLXTR','9TF04-SPR01',17-SEP-1994,'YJP',-.2,1392.0,12-NOV-1998,'CPI'"
"'SSA-YJP-FLXTR','9TF04-SPR01',17-SEP-1994,'YJP',-.8,2876.0,12-NOV-1998,'CPI'"
"'SSA-YJP-FLXTR','9TF04-SPR01',17-SEP-1994,'YJP',-.5,2310.0,12-NOV-1998,'CPI'"
"'SSA-YJP-FLXTR','9TF04-SPR01',17-SEP-1994,'YJP',-.6,2640.0,12-NOV-1998,'CPI'"
"'SSA-YJP-FLXTR','9TF04-SPR01',17-SEP-1994,'YJP',-.1,1724.0,12-NOV-1998,'CPI'"
"'SSA-YJP-FLXTR','9TF04-SPR01',17-SEP-1994,'YJP',-.1,1099.0,12-NOV-1998,'CPI'"
"'SSA-YJP-FLXTR','9TF04-SPR01',18-SEP-1994,'YJP',-5.0,-999.0,12-NOV-1998,'CPI'"
"'SSA-YJP-FLXTR','9TF04-SPR01',18-SEP-1994,'YJP',-6.0,-999.0,12-NOV-1998,'CPI'"
"'SSA-YJP-FLXTR','9TF04-SPR01',18-SEP-1994,'YJP',-4.0,-999.0,12-NOV-1998,'CPI'"
"'SSA-YJP-FLXTR','9TF04-SPR01',18-SEP-1994,'YJP',-.3,2102.0,12-NOV-1998,'CPI'"
"'SSA-YJP-FLXTR','9TF04-SPR01',18-SEP-1994,'YJP',-.4,2048.0,12-NOV-1998,'CPI'"
"'SSA-YJP-FLXTR','9TF04-SPR01',18-SEP-1994,'YJP',-3.0,-999.0,12-NOV-1998,'CPI'"
"'SSA-YJP-FLXTR','9TF04-SPR01',18-SEP-1994,'YJP',-2.5,-999.0,12-NOV-1998,'CPI'"
"'SSA-YJP-FLXTR','9TF04-SPR01',18-SEP-1994,'YJP',-.3,1836.0,12-NOV-1998,'CPI'"
"'SSA-YJP-FLXTR','9TF04-SPR01',18-SEP-1994,'YJP',-2.0,-999.0,12-NOV-1998,'CPI'"
"'SSA-YJP-FLXTR','9TF04-SPR01',18-SEP-1994,'YJP',-1.0,2790.0,12-NOV-1998,'CPI'"
"'SSA-YJP-FLXTR','9TF04-SPR01',18-SEP-1994,'YJP',-1.5,-999.0,12-NOV-1998,'CPI'"
"'SSA-YJP-FLXTR','9TF04-SPR01',18-SEP-1994,'YJP',-.2,1475.0,12-NOV-1998,'CPI'"
"'SSA-YJP-FLXTR','9TF04-SPR01',18-SEP-1994,'YJP',-.2,1605.0,12-NOV-1998,'CPI'"
"'SSA-YJP-FLXTR','9TF04-SPR01',18-SEP-1994,'YJP',-.8,2775.0,12-NOV-1998,'CPI'"
"'SSA-YJP-FLXTR','9TF04-SPR01',18-SEP-1994,'YJP',-.6,2599.0,12-NOV-1998,'CPI'"
"'SSA-YJP-FLXTR','9TF04-SPR01',18-SEP-1994,'YJP',-.5,2360.0,12-NOV-1998,'CPI'"
"'SSA-YJP-FLXTR','9TF04-SPR01',18-SEP-1994,'YJP',-.1,1887.0,12-NOV-1998,'CPI'"
"'SSA-YJP-FLXTR','9TF04-SPR01',18-SEP-1994,'YJP',-.1,1283.0,12-NOV-1998,'CPI'"
"'SSA-YJP-FLXTR','9TF04-SPR01',19-MAR-1995,'YJP',-.1,683.0,12-NOV-1998,'CPI'"
"'SSA-YJP-FLXTR','9TF04-SPR01',19-MAR-1995,'YJP',-.1,832.0,12-NOV-1998,'CPI'"
"'SSA-YJP-FLXTR','9TF04-SPR01',19-MAR-1995,'YJP',-.2,780.0,12-NOV-1998,'CPI'"
"'SSA-YJP-FLXTR','9TF04-SPR01',19-MAR-1995,'YJP',-.2,753.0,12-NOV-1998,'CPI'"
"'SSA-YJP-FLXTR','9TF04-SPR01',19-MAR-1995,'YJP',-.3,826.0,12-NOV-1998,'CPI'"
"'SSA-YJP-FLXTR','9TF04-SPR01',19-MAR-1995,'YJP',-.3,922.0,12-NOV-1998,'CPI'"
"'SSA-YJP-FLXTR','9TF04-SPR01',19-MAR-1995,'YJP',-.4,901.0,12-NOV-1998,'CPI'"
"'SSA-YJP-FLXTR','9TF04-SPR01',19-MAR-1995,'YJP',-.5,963.0,12-NOV-1998,'CPI'"
"'SSA-YJP-FLXTR','9TF04-SPR01',19-MAR-1995,'YJP',-.6,1064.0,12-NOV-1998,'CPI'"
"'SSA-YJP-FLXTR','9TF04-SPR01',19-MAR-1995,'YJP',-.8,1162.0,12-NOV-1998,'CPI'"
"'SSA-YJP-FLXTR','9TF04-SPR01',19-MAR-1995,'YJP',-1.0,1158.0,12-NOV-1998,'CPI'"
"'SSA-YJP-FLXTR','9TF04-SPR01',19-MAR-1995,'YJP',-1.5,1170.0,12-NOV-1998,'CPI'"
"'SSA-YJP-FLXTR','9TF04-SPR01',19-MAR-1995,'YJP',-2.0,1367.0,12-NOV-1998,'CPI'"
"'SSA-YJP-FLXTR','9TF04-SPR01',19-MAR-1995,'YJP',-2.5,1471.0,12-NOV-1998,'CPI'"
"'SSA-YJP-FLXTR','9TF04-SPR01',19-MAR-1995,'YJP',-3.0,1576.0,12-NOV-1998,'CPI'"
"'SSA-YJP-FLXTR','9TF04-SPR01',19-MAR-1995,'YJP',-4.0,1740.0,12-NOV-1998,'CPI'"
"'SSA-YJP-FLXTR','9TF04-SPR01',19-MAR-1995,'YJP',-5.0,1840.0,12-NOV-1998,'CPI'"
"'SSA-YJP-FLXTR','9TF04-SPR01',19-MAR-1995,'YJP',-6.0,1902.0,12-NOV-1998,'CPI'"
"'SSA-YJP-FLXTR','9TF04-SPR01',20-MAR-1995,'YJP',-.1,713.0,12-NOV-1998,'CPI'"
"'SSA-YJP-FLXTR','9TF04-SPR01',20-MAR-1995,'YJP',-.1,804.0,12-NOV-1998,'CPI'"
"'SSA-YJP-FLXTR','9TF04-SPR01',20-MAR-1995,'YJP',-.2,-999.0,12-NOV-1998,'CPI'"
"'SSA-YJP-FLXTR','9TF04-SPR01',20-MAR-1995,'YJP',-.2,778.0,12-NOV-1998,'CPI'"
"'SSA-YJP-FLXTR','9TF04-SPR01',20-MAR-1995,'YJP',-.3,-999.0,12-NOV-1998,'CPI'"
"'SSA-YJP-FLXTR','9TF04-SPR01',20-MAR-1995,'YJP',-.3,888.0,12-NOV-1998,'CPI'"
"'SSA-YJP-FLXTR','9TF04-SPR01',20-MAR-1995,'YJP',-.4,880.0,12-NOV-1998,'CPI'"
"'SSA-YJP-FLXTR','9TF04-SPR01',20-MAR-1995,'YJP',-.5,931.0,12-NOV-1998,'CPI'"
"'SSA-YJP-FLXTR','9TF04-SPR01',20-MAR-1995,'YJP',-.6,1028.0,12-NOV-1998,'CPI'"
"'SSA-YJP-FLXTR','9TF04-SPR01',20-MAR-1995,'YJP',-.8,1128.0,12-NOV-1998,'CPI'"
"'SSA-YJP-FLXTR','9TF04-SPR01',20-MAR-1995,'YJP',-1.0,1148.0,12-NOV-1998,'CPI'"
"'SSA-YJP-FLXTR','9TF04-SPR01',20-MAR-1995,'YJP',-1.5,1206.0,12-NOV-1998,'CPI'"
"'SSA-YJP-FLXTR','9TF04-SPR01',20-MAR-1995,'YJP',-2.0,1328.0,12-NOV-1998,'CPI'"
"'SSA-YJP-FLXTR','9TF04-SPR01',20-MAR-1995,'YJP',-2.5,1447.0,12-NOV-1998,'CPI'"
"'SSA-YJP-FLXTR','9TF04-SPR01',20-MAR-1995,'YJP',-3.0,1355.0,12-NOV-1998,'CPI'"
"'SSA-YJP-FLXTR','9TF04-SPR01',20-MAR-1995,'YJP',-4.0,1296.0,12-NOV-1998,'CPI'"
"'SSA-YJP-FLXTR','9TF04-SPR01',20-MAR-1995,'YJP',-5.0,1845.0,12-NOV-1998,'CPI'"
"'SSA-YJP-FLXTR','9TF04-SPR01',20-MAR-1995,'YJP',-6.0,1910.0,12-NOV-1998,'CPI'"
"'SSA-YJP-FLXTR','9TF04-SPR01',21-MAR-1995,'YJP',-.1,-999.0,12-NOV-1998,'CPI'"
"'SSA-YJP-FLXTR','9TF04-SPR01',21-MAR-1995,'YJP',-.1,-999.0,12-NOV-1998,'CPI'"
"'SSA-YJP-FLXTR','9TF04-SPR01',21-MAR-1995,'YJP',-.2,-999.0,12-NOV-1998,'CPI'"
"'SSA-YJP-FLXTR','9TF04-SPR01',21-MAR-1995,'YJP',-.2,-999.0,12-NOV-1998,'CPI'"
"'SSA-YJP-FLXTR','9TF04-SPR01',21-MAR-1995,'YJP',-.3,-999.0,12-NOV-1998,'CPI'"
"'SSA-YJP-FLXTR','9TF04-SPR01',21-MAR-1995,'YJP',-.3,-999.0,12-NOV-1998,'CPI'"
"'SSA-YJP-FLXTR','9TF04-SPR01',21-MAR-1995,'YJP',-.4,-999.0,12-NOV-1998,'CPI'"
"'SSA-YJP-FLXTR','9TF04-SPR01',21-MAR-1995,'YJP',-.5,-999.0,12-NOV-1998,'CPI'"
"'SSA-YJP-FLXTR','9TF04-SPR01',21-MAR-1995,'YJP',-.6,-999.0,12-NOV-1998,'CPI'"
"'SSA-YJP-FLXTR','9TF04-SPR01',21-MAR-1995,'YJP',-.8,-999.0,12-NOV-1998,'CPI'"
"'SSA-YJP-FLXTR','9TF04-SPR01',21-MAR-1995,'YJP',-1.0,949.0,12-NOV-1998,'CPI'"
"'SSA-YJP-FLXTR','9TF04-SPR01',21-MAR-1995,'YJP',-1.5,1014.0,12-NOV-1998,'CPI'"
"'SSA-YJP-FLXTR','9TF04-SPR01',21-MAR-1995,'YJP',-2.0,1108.0,12-NOV-1998,'CPI'"
"'SSA-YJP-FLXTR','9TF04-SPR01',21-MAR-1995,'YJP',-2.5,1189.0,12-NOV-1998,'CPI'"
"'SSA-YJP-FLXTR','9TF04-SPR01',21-MAR-1995,'YJP',-3.0,1254.0,12-NOV-1998,'CPI'"
"'SSA-YJP-FLXTR','9TF04-SPR01',21-MAR-1995,'YJP',-4.0,1365.0,12-NOV-1998,'CPI'"
"'SSA-YJP-FLXTR','9TF04-SPR01',21-MAR-1995,'YJP',-5.0,1439.0,12-NOV-1998,'CPI'"
"'SSA-YJP-FLXTR','9TF04-SPR01',21-MAR-1995,'YJP',-6.0,1505.0,12-NOV-1998,'CPI'"
